Date,Open,High,Low,Close,Volume,Value
2022-01-23 06:00:00,43557000.0,44052000.0,43373000.0,43715000.0,117.34294282,5130580219.15754
2022-01-23 07:00:00,43715000.0,43753000.0,43067000.0,43292000.0,102.95382968,4469798756.70112
2022-01-23 08:00:00,43292000.0,43618000.0,43131000.0,43375000.0,149.64646795,6488871198.05038
2022-01-23 09:00:00,43376000.0,43942000.0,43300000.0,43897000.0,344.34453965,15029951014.97447
2022-01-23 10:00:00,43900000.0,44022000.0,43761000.0,43848000.0,358.55546734,15735060539.89636
2022-01-23 11:00:00,43846000.0,43848000.0,43029000.0,43059000.0,348.21046526,15136518639.93674
2022-01-23 12:00:00,43046000.0,43441000.0,43029000.0,43316000.0,229.88309794,9929281152.05499
2022-01-23 13:00:00,43323000.0,43540000.0,43178000.0,43521000.0,148.07651729,6425918288.13698
2022-01-23 14:00:00,43521000.0,43780000.0,43205000.0,43712000.0,240.49986803,10453282041.52231
2022-01-23 15:00:00,43712000.0,43800000.0,43300000.0,43362000.0,165.12674879,7182442145.77644
2022-01-23 16:00:00,43388000.0,43934000.0,43362000.0,43730000.0,258.96338477,11318700822.77566
2022-01-23 17:00:00,43724000.0,44080000.0,43570000.0,43982000.0,268.27867715,11763716735.7805
2022-01-23 18:00:00,43982000.0,44300000.0,43931000.0,44018000.0,759.62368196,33547302242.19427
2022-01-23 19:00:00,44018000.0,44109000.0,43730000.0,44056000.0,207.9078276,9136266793.4981
2022-01-23 20:00:00,44056000.0,44056000.0,43721000.0,43820000.0,141.25421493,6196855175.12822
2022-01-23 21:00:00,43820000.0,44053000.0,43678000.0,44041000.0,160.97924033,7058976833.34988
2022-01-23 22:00:00,44041000.0,44224000.0,43929000.0,44191000.0,178.79095677,7875356477.69094
2022-01-23 23:00:00,44197000.0,44224000.0,43270000.0,43391000.0,416.37058526,18160700469.19296
2022-01-24 00:00:00,43385000.0,43391000.0,43065000.0,43320000.0,181.56791154,7854166501.4949
2022-01-24 01:00:00,43320000.0,43472000.0,43250000.0,43288000.0,161.66904295,7006735465.01474
2022-01-24 02:00:00,43288000.0,43400000.0,43250000.0,43353000.0,75.71143446,3282942947.42249
2022-01-24 03:00:00,43353000.0,43400000.0,42912000.0,42952000.0,169.41063879,7299396724.14663
2022-01-24 04:00:00,42952000.0,43200000.0,42725000.0,42910000.0,174.18769919,7477865504.24241
2022-01-24 05:00:00,42895000.0,43500000.0,42770000.0,43403000.0,135.14259016,5841975671.61899
2022-01-24 06:00:00,43495000.0,43601000.0,43301000.0,43425000.0,244.50804758,10624321993.17535
2022-01-24 07:00:00,43425000.0,43548000.0,43298000.0,43545000.0,258.65188954,11224646276.90759
2022-01-24 08:00:00,43545000.0,44500000.0,43439000.0,44253000.0,537.49420159,23727429926.99968
2022-01-24 09:00:00,44255000.0,44274000.0,43798000.0,43889000.0,231.05387283,10165833013.2523
2022-01-24 10:00:00,43889000.0,44102000.0,43686000.0,43712000.0,179.62948977,7876305714.93414
2022-01-24 11:00:00,43711000.0,43765000.0,43017000.0,43078000.0,283.34702503,12297342430.11172
2022-01-24 12:00:00,43078000.0,43272000.0,43000000.0,43250000.0,225.79268273,9741016369.71292
2022-01-24 13:00:00,43250000.0,43399000.0,42924000.0,42968000.0,277.96388646,12001533506.40401
2022-01-24 14:00:00,42965000.0,43170000.0,42805000.0,43120000.0,271.26524325,11655295403.854
2022-01-24 15:00:00,43134000.0,43322000.0,42958000.0,43250000.0,164.52779605,7101215996.53354
2022-01-24 16:00:00,43250000.0,43333000.0,42813000.0,42832000.0,259.53912456,11183687078.77786
2022-01-24 17:00:00,42832000.0,43577000.0,42803000.0,43002000.0,282.72512671,12185696669.45964
2022-01-24 18:00:00,43002000.0,43150000.0,42302000.0,42407000.0,563.29776147,23995912291.07112
2022-01-24 19:00:00,42399000.0,42506000.0,41170000.0,41182000.0,1361.21187453,56679255820.71435
2022-01-24 20:00:00,41181000.0,41997000.0,40933000.0,41669000.0,1148.00254741,47681687648.69154
2022-01-24 21:00:00,41669000.0,41871000.0,40939000.0,40976000.0,575.91438156,23828067022.39378
2022-01-24 22:00:00,40976000.0,41760000.0,40871000.0,41305000.0,617.97523964,25543421779.53552
2022-01-24 23:00:00,41273000.0,41972000.0,41100000.0,41400000.0,614.56985488,25492337863.01421
2022-01-25 00:00:00,41429000.0,42210000.0,41088000.0,42053000.0,559.81287764,23366893708.07403
2022-01-25 01:00:00,42059000.0,42390000.0,41700000.0,42252000.0,415.3038193,17438877759.53199
2022-01-25 02:00:00,42280000.0,43500000.0,42031000.0,43297000.0,513.56284044,22040980526.03912
2022-01-25 03:00:00,43317000.0,44590000.0,43060000.0,44256000.0,639.61337857,28119356926.81262
2022-01-25 04:00:00,44256000.0,44420000.0,43600000.0,44145000.0,243.59839884,10701292136.51876
2022-01-25 05:00:00,44145000.0,45600000.0,43955000.0,45304000.0,570.14417258,25556928358.61202
2022-01-25 06:00:00,45290000.0,45304000.0,44813000.0,44907000.0,414.26552358,18668233211.6406
2022-01-25 07:00:00,44900000.0,44946000.0,44306000.0,44483000.0,302.65882793,13509236084.08909
2022-01-25 08:00:00,44483000.0,44935000.0,44444000.0,44731000.0,268.95683002,12032319853.03698
2022-01-25 09:00:00,44764000.0,44797000.0,43835000.0,43835000.0,534.12249762,23632964109.43766
2022-01-25 10:00:00,43835000.0,44087000.0,43787000.0,44041000.0,326.55682633,14356400204.71489
2022-01-25 11:00:00,44015000.0,44329000.0,43971000.0,44309000.0,234.27916253,10343284392.30449
2022-01-25 12:00:00,44310000.0,44500000.0,44215000.0,44497000.0,193.286036,8572495351.76724
2022-01-25 13:00:00,44497000.0,44599000.0,43648000.0,43741000.0,269.227032,11874841489.53111
2022-01-25 14:00:00,43741000.0,44045000.0,43709000.0,44001000.0,265.31955378,11639453421.49303
2022-01-25 15:00:00,44001000.0,44069000.0,43762000.0,43762000.0,245.35052594,10771379045.35752
2022-01-25 16:00:00,43761000.0,44021000.0,43511000.0,43986000.0,246.28800089,10774809429.67912
2022-01-25 17:00:00,43986000.0,44470000.0,43910000.0,44015000.0,400.59189635,17675820809.52925
2022-01-25 18:00:00,44023000.0,44433000.0,43979000.0,44362000.0,201.07406405,8899128254.18713
2022-01-25 19:00:00,44383000.0,44812000.0,44320000.0,44455000.0,285.77615025,12727252117.71631
2022-01-25 20:00:00,44455000.0,44605000.0,44170000.0,44359000.0,419.14175585,18600937471.45057
2022-01-25 21:00:00,44334000.0,44800000.0,44186000.0,44564000.0,313.84931758,13975371133.00902
2022-01-25 22:00:00,44564000.0,44676000.0,44360000.0,44585000.0,222.33196264,9897122174.12196
2022-01-25 23:00:00,44573000.0,45200000.0,44215000.0,44220000.0,599.08176625,26778564920.59913
2022-01-26 00:00:00,44221000.0,44700000.0,43969000.0,44490000.0,375.93449864,16670496184.80053
2022-01-26 01:00:00,44516000.0,45110000.0,44486000.0,44817000.0,260.76931711,11690130949.16825
2022-01-26 02:00:00,44817000.0,45500000.0,44777000.0,45238000.0,442.25996773,20014334818.16499
2022-01-26 03:00:00,45234000.0,45572000.0,45125000.0,45434000.0,310.44424325,14094808291.21181
2022-01-26 04:00:00,45360000.0,45480000.0,44873000.0,45110000.0,176.92228409,8002810562.08225
2022-01-26 05:00:00,45110000.0,45114000.0,44551000.0,44870000.0,169.06947753,7578867719.25747
2022-01-26 06:00:00,44922000.0,44922000.0,44400000.0,44499000.0,136.71493351,6088542395.34931
2022-01-26 07:00:00,44479000.0,44764000.0,44412000.0,44732000.0,93.59209759,4172617565.6645
2022-01-26 08:00:00,44752000.0,45041000.0,44630000.0,44909000.0,215.05403964,9647085191.04486
2022-01-26 09:00:00,44905000.0,45050000.0,44520000.0,44669000.0,363.33249769,16284822665.08198
2022-01-26 10:00:00,44669000.0,45068000.0,44616000.0,44997000.0,231.37325293,10359214752.14385
2022-01-26 11:00:00,44997000.0,45170000.0,44914000.0,44961000.0,207.53603155,9350900803.50715
2022-01-26 12:00:00,44988000.0,45683000.0,44928000.0,45623000.0,403.12494625,18306888016.15585
2022-01-26 13:00:00,45622000.0,46240000.0,45423000.0,46180000.0,572.3744747,26230413080.97757
2022-01-26 14:00:00,46180000.0,46350000.0,45855000.0,45905000.0,601.205308,27671039839.7633
2022-01-26 15:00:00,45905000.0,45993000.0,45317000.0,45434000.0,390.89175377,17849120671.44847
2022-01-26 16:00:00,45355000.0,45542000.0,45176000.0,45500000.0,239.04292272,10844119135.04411
2022-01-26 17:00:00,45512000.0,45945000.0,45486000.0,45836000.0,226.87040338,10380462654.02256
2022-01-26 18:00:00,45829000.0,46200000.0,45799000.0,45909000.0,472.43561891,21727409512.05608
2022-01-26 19:00:00,45921000.0,46349000.0,45755000.0,46118000.0,310.02826596,14251322902.19189
2022-01-26 20:00:00,46138000.0,46429000.0,46003000.0,46315000.0,375.63380778,17350395841.9197
2022-01-26 21:00:00,46321000.0,46345000.0,45970000.0,46200000.0,301.26712248,13897836387.78893
2022-01-26 22:00:00,46199000.0,46750000.0,46031000.0,46689000.0,689.02670281,31962414529.23018
2022-01-26 23:00:00,46689000.0,47010000.0,46499000.0,46652000.0,765.98730787,35850002297.69852
2022-01-27 00:00:00,46649000.0,46901000.0,46020000.0,46163000.0,504.10413205,23367509469.41676
2022-01-27 01:00:00,46185000.0,46615000.0,46098000.0,46600000.0,206.55879378,9573461874.55626
2022-01-27 02:00:00,46600000.0,46685000.0,46200000.0,46207000.0,115.91888721,5381345489.38113
2022-01-27 03:00:00,46207000.0,46740000.0,45700000.0,46299000.0,270.41264247,12467126643.32196
2022-01-27 04:00:00,46246000.0,47460000.0,45690000.0,45980000.0,1166.65043295,54372486765.83071
2022-01-27 05:00:00,45968000.0,45969000.0,45000000.0,45347000.0,655.53431252,29734620190.44323
2022-01-27 06:00:00,45391000.0,45473000.0,44636000.0,44676000.0,391.12875629,17586356278.62421
2022-01-27 07:00:00,44667000.0,44969000.0,44521000.0,44842000.0,362.58349081,16204435612.80131
2022-01-27 08:00:00,44842000.0,45322000.0,44804000.0,45100000.0,321.37256254,14499387634.49947
2022-01-27 09:00:00,45100000.0,45650000.0,45012000.0,45478000.0,331.13861697,15035796941.57337
2022-01-27 10:00:00,45470000.0,45470000.0,44025000.0,44069000.0,529.98934746,23652226301.53983
2022-01-27 11:00:00,44068000.0,44389000.0,43960000.0,44348000.0,473.74684146,20907296614.25104
2022-01-27 12:00:00,44348000.0,44614000.0,43786000.0,44011000.0,369.4711902,16321341390.19001
2022-01-27 13:00:00,44034000.0,44290000.0,43906000.0,44247000.0,406.78426702,17934927678.2266
2022-01-27 14:00:00,44246000.0,44400000.0,44113000.0,44319000.0,363.77415457,16115936842.19679
2022-01-27 15:00:00,44317000.0,44498000.0,44156000.0,44461000.0,239.83745908,10636424561.6984
2022-01-27 16:00:00,44461000.0,44676000.0,44312000.0,44577000.0,286.22897387,12746188771.22244
2022-01-27 17:00:00,44577000.0,45000000.0,44200000.0,44907000.0,383.515627,17098613854.74871
2022-01-27 18:00:00,44946000.0,45200000.0,44788000.0,45001000.0,315.91070061,14226866168.19177
2022-01-27 19:00:00,45010000.0,45290000.0,44641000.0,44680000.0,244.84896436,11020467617.07787
2022-01-27 20:00:00,44683000.0,45198000.0,44680000.0,45085000.0,313.52170976,14113268173.08512
2022-01-27 21:00:00,45080000.0,45174000.0,44861000.0,45095000.0,308.81285965,13916132082.18811
2022-01-27 22:00:00,45094000.0,45198000.0,44840000.0,45197000.0,360.92171469,16280381099.80879
2022-01-27 23:00:00,45197000.0,45560000.0,45000000.0,45266000.0,498.26449289,22560271162.1751
2022-01-28 00:00:00,45266000.0,45329000.0,44710000.0,44865000.0,274.07862857,12342684646.25196
2022-01-28 01:00:00,44864000.0,44977000.0,44604000.0,44689000.0,181.65138215,8128482327.633
2022-01-28 02:00:00,44689000.0,44757000.0,44405000.0,44510000.0,120.80105869,5379063970.69404
2022-01-28 03:00:00,44510000.0,44560000.0,44255000.0,44453000.0,103.9864057,4614277220.53573
2022-01-28 04:00:00,44512000.0,44648000.0,44246000.0,44556000.0,119.32412032,5303780699.63555
2022-01-28 05:00:00,44559000.0,44798000.0,44211000.0,44218000.0,305.04960358,13552363649.68824
2022-01-28 06:00:00,44218000.0,44952000.0,44083000.0,44886000.0,255.82923191,11351735164.1554
2022-01-28 07:00:00,44818000.0,45500000.0,44600000.0,45341000.0,338.5462262,15275278124.56206
2022-01-28 08:00:00,45342000.0,45844000.0,45250000.0,45809000.0,362.11122469,16499159737.44895
2022-01-28 09:00:00,45800000.0,46100000.0,45550000.0,45709000.0,404.42795299,18503581830.79746
2022-01-28 10:00:00,45709000.0,45767000.0,45400000.0,45564000.0,373.24509808,17009056337.82073
2022-01-28 11:00:00,45566000.0,45633000.0,45350000.0,45549000.0,239.6174277,10892629345.6195
2022-01-28 12:00:00,45548000.0,45991000.0,45500000.0,45900000.0,321.03226314,14712657627.97681
2022-01-28 13:00:00,45939000.0,46072000.0,45630000.0,45831000.0,260.64719339,11964719157.20645
2022-01-28 14:00:00,45817000.0,45995000.0,45684000.0,45760000.0,183.4994362,8411792302.10347
2022-01-28 15:00:00,45751000.0,46079000.0,45543000.0,45543000.0,285.11917682,13071978423.47515
2022-01-28 16:00:00,45543000.0,45779000.0,45501000.0,45575000.0,258.32541752,11789580801.12301
2022-01-28 17:00:00,45541000.0,45650000.0,45290000.0,45542000.0,318.49168275,14480038675.92452
2022-01-28 18:00:00,45541000.0,45741000.0,45318000.0,45445000.0,253.10504575,11516852388.13606
2022-01-28 19:00:00,45471000.0,45578000.0,45301000.0,45563000.0,179.73328747,8171707726.30201
2022-01-28 20:00:00,45559000.0,45600000.0,45346000.0,45473000.0,235.80828363,10719992625.13604
2022-01-28 21:00:00,45467000.0,45643000.0,45060000.0,45199000.0,266.6933742,12086714444.59106
2022-01-28 22:00:00,45201000.0,45794000.0,45116000.0,45742000.0,280.56041609,12766063444.73741
2022-01-28 23:00:00,45764000.0,45931000.0,45500000.0,45715000.0,284.08419211,12999707854.18698
2022-01-29 00:00:00,45690000.0,46170000.0,45653000.0,46018000.0,299.7167165,13772906382.96887
2022-01-29 01:00:00,46019000.0,46151000.0,45748000.0,45855000.0,212.24258678,9758231079.46186
2022-01-29 02:00:00,45855000.0,45981000.0,45592000.0,45631000.0,131.11411989,5999420508.5616
2022-01-29 03:00:00,45631000.0,45921000.0,45594000.0,45826000.0,48.20896734,2203678270.71523
2022-01-29 04:00:00,45837000.0,46046000.0,45606000.0,46045000.0,59.49431251,2727151881.38078
2022-01-29 05:00:00,46045000.0,46666000.0,45933000.0,46568000.0,190.32797458,8820124820.06378
2022-01-29 06:00:00,46558000.0,46890000.0,46473000.0,46600000.0,168.73403152,7875861413.6484
2022-01-29 07:00:00,46579000.0,46790000.0,46501000.0,46527000.0,149.03583716,6957523327.30747
2022-01-29 08:00:00,46516000.0,46764000.0,46500000.0,46588000.0,161.88274165,7550391979.54168
2022-01-29 09:00:00,46592000.0,46951000.0,46500000.0,46779000.0,278.19669883,13015578270.20825
2022-01-29 10:00:00,46779000.0,46932000.0,46386000.0,46461000.0,259.57375463,12112253036.2328
2022-01-29 11:00:00,46461000.0,46644000.0,46388000.0,46432000.0,162.93693958,7582881817.33542
2022-01-29 12:00:00,46431000.0,46778000.0,46382000.0,46770000.0,131.88195403,6146672535.56097
2022-01-29 13:00:00,46778000.0,46989000.0,46662000.0,46869000.0,193.31187621,9065742079.55252
2022-01-29 14:00:00,46869000.0,46945000.0,46661000.0,46702000.0,131.13237395,6132784121.95162
2022-01-29 15:00:00,46719000.0,46850000.0,46667000.0,46784000.0,101.06385974,4725520013.75955
2022-01-29 16:00:00,46811000.0,46940000.0,46710000.0,46841000.0,198.40334214,9291618375.53643
2022-01-29 17:00:00,46841000.0,46900000.0,46700000.0,46711000.0,132.84264963,6213003067.05996
2022-01-29 18:00:00,46711000.0,46731000.0,46401000.0,46597000.0,204.87223997,9538734885.21999
2022-01-29 19:00:00,46597000.0,46659000.0,46469000.0,46647000.0,130.33932918,6067997915.382
2022-01-29 20:00:00,46646000.0,46779000.0,46563000.0,46765000.0,121.53518213,5671988416.64231
2022-01-29 21:00:00,46765000.0,46878000.0,46623000.0,46787000.0,157.87923883,7384624454.66803
2022-01-29 22:00:00,46787000.0,47200000.0,46700000.0,47176000.0,297.93598515,13999562755.27226
2022-01-29 23:00:00,47177000.0,47300000.0,46550000.0,46619000.0,311.6324864,14630251768.17235
2022-01-30 00:00:00,46615000.0,46675000.0,46180000.0,46467000.0,297.30245883,13823594403.96155
2022-01-30 01:00:00,46467000.0,46497000.0,46198000.0,46418000.0,119.72483944,5546360456.36494
2022-01-30 02:00:00,46418000.0,46656000.0,46418000.0,46501000.0,77.45383319,3605627288.43566
2022-01-30 03:00:00,46536000.0,46780000.0,46438000.0,46697000.0,42.10203192,1962894789.81018
2022-01-30 04:00:00,46689000.0,46900000.0,46645000.0,46837000.0,41.1159338,1924629404.21518
2022-01-30 05:00:00,46837000.0,47573000.0,46786000.0,47335000.0,270.61154543,12789642596.97322
2022-01-30 06:00:00,47326000.0,47746000.0,47285000.0,47414000.0,106.01215268,5040265347.2734
2022-01-30 07:00:00,47411000.0,47457000.0,47111000.0,47195000.0,85.41463464,4035280461.96029
2022-01-30 08:00:00,47195000.0,47225000.0,47000000.0,47146000.0,126.8924219,5978795789.67725
2022-01-30 09:00:00,47144000.0,47362000.0,46730000.0,46896000.0,283.94555073,13354433596.45284
2022-01-30 10:00:00,46896000.0,47125000.0,46849000.0,47030000.0,131.98680838,6201735829.64375
2022-01-30 11:00:00,47045000.0,47199000.0,47002000.0,47096000.0,91.64116043,4316962640.30367
2022-01-30 12:00:00,47096000.0,47157000.0,47025000.0,47048000.0,93.08322995,4383299460.93928
2022-01-30 13:00:00,47047000.0,47250000.0,47002000.0,47186000.0,76.77130007,3614990151.97054
2022-01-30 14:00:00,47186000.0,47362000.0,47140000.0,47266000.0,94.23285771,4453394829.59869
2022-01-30 15:00:00,47283000.0,47286000.0,47133000.0,47216000.0,73.2738031,3458917975.41597
2022-01-30 16:00:00,47155000.0,47363000.0,47147000.0,47352000.0,90.37257212,4273044585.01024
2022-01-30 17:00:00,47359000.0,47440000.0,47105000.0,47146000.0,131.92950282,6235142593.089
2022-01-30 18:00:00,47146000.0,47181000.0,46998000.0,47026000.0,129.41025276,6092919996.24342
2022-01-30 19:00:00,47039000.0,47182000.0,46999000.0,47182000.0,194.7870119,9185248059.66905
2022-01-30 20:00:00,47182000.0,47259000.0,47047000.0,47259000.0,151.57956043,7146241207.49283
2022-01-30 21:00:00,47259000.0,47300000.0,47047000.0,47145000.0,168.1898382,7933653947.16002
2022-01-30 22:00:00,47145000.0,47182000.0,47001000.0,47016000.0,106.84995076,5028739831.73971
2022-01-30 23:00:00,47016000.0,47119000.0,46735000.0,46850000.0,200.15468724,9380426453.56878
2022-01-31 00:00:00,46850000.0,47118000.0,46825000.0,46997000.0,113.41404333,5327064473.40497
2022-01-31 01:00:00,47003000.0,47089000.0,46873000.0,46914000.0,48.30246914,2268678830.0373
2022-01-31 02:00:00,46916000.0,47031000.0,46860000.0,47030000.0,64.21711308,3011222613.11491
2022-01-31 03:00:00,47020000.0,47051000.0,46861000.0,46862000.0,19.59408152,920379337.91288
2022-01-31 04:00:00,46921000.0,46930000.0,46618000.0,46704000.0,119.21932208,5572377071.30668
2022-01-31 05:00:00,46685000.0,46973000.0,46498000.0,46931000.0,106.73599703,4990368229.19531
2022-01-31 06:00:00,46872000.0,47000000.0,46705000.0,46997000.0,85.77484891,4019098156.78719
2022-01-31 07:00:00,46997000.0,47133000.0,46850000.0,47133000.0,93.13972102,4378035735.68673
2022-01-31 08:00:00,47133000.0,47500000.0,47132000.0,47208000.0,200.37955148,9480705855.88869
2022-01-31 09:00:00,47208000.0,47277000.0,45812000.0,45839000.0,455.15107788,21168046217.4172
2022-01-31 10:00:00,45839000.0,45945000.0,45624000.0,45736000.0,452.08654356,20691837798.80691
2022-01-31 11:00:00,45736000.0,46080000.0,45624000.0,46013000.0,343.5608059,15768576795.65778
2022-01-31 12:00:00,45952000.0,46156000.0,45854000.0,45902000.0,362.44750872,16665044057.62611
2022-01-31 13:00:00,45957000.0,45970000.0,45750000.0,45829000.0,154.52968376,7087331168.60795
2022-01-31 14:00:00,45829000.0,46002000.0,45780000.0,45963000.0,130.44931422,5990226371.61945
2022-01-31 15:00:00,45905000.0,46055000.0,45784000.0,45942000.0,213.95319029,9830335743.37481
2022-01-31 16:00:00,45900000.0,46260000.0,45813000.0,46150000.0,137.27594956,6316634552.30681
2022-01-31 17:00:00,46150000.0,46299000.0,46000000.0,46082000.0,204.05156396,9409580305.58985
2022-01-31 18:00:00,46080000.0,46294000.0,46050000.0,46200000.0,62.62119328,2891074242.94348
2022-01-31 19:00:00,46200000.0,46255000.0,46056000.0,46230000.0,95.9812336,4427982853.02861
2022-01-31 20:00:00,46230000.0,46287000.0,45756000.0,46207000.0,138.6854351,6381982358.81398
2022-01-31 21:00:00,46207000.0,46286000.0,45809000.0,46014000.0,122.84479677,5652821415.96383
2022-01-31 22:00:00,46015000.0,46240000.0,45780000.0,46142000.0,100.66226403,4635446744.21468
2022-01-31 23:00:00,46142000.0,46420000.0,46087000.0,46399000.0,180.08254675,8330382626.2258
2022-02-01 00:00:00,46401000.0,46793000.0,46401000.0,46551000.0,243.971561,11380090405.78158
2022-02-01 01:00:00,46550000.0,47337000.0,46549000.0,47287000.0,264.67377025,12438032828.30776
2022-02-01 02:00:00,47287000.0,47500000.0,47028000.0,47423000.0,280.82148559,13290811143.00928
2022-02-01 03:00:00,47423000.0,47500000.0,47200000.0,47322000.0,113.54670026,5378932612.62003
2022-02-01 04:00:00,47351000.0,47647000.0,47284000.0,47328000.0,110.25112245,5232439481.33018
2022-02-01 05:00:00,47324000.0,47480000.0,47136000.0,47307000.0,77.25175952,3655473898.85691
2022-02-01 06:00:00,47307000.0,47400000.0,47180000.0,47347000.0,61.77269817,2922041601.96948
2022-02-01 07:00:00,47345000.0,47640000.0,47281000.0,47300000.0,126.38608675,6000001363.32848
2022-02-01 08:00:00,47300000.0,47352000.0,47176000.0,47266000.0,121.20691458,5730306109.52433
2022-02-01 09:00:00,47304000.0,47514000.0,47107000.0,47168000.0,160.16366882,7570667963.62292
2022-02-01 10:00:00,47152000.0,47312000.0,47110000.0,47167000.0,92.11467977,4348779771.52506
2022-02-01 11:00:00,47194000.0,47469000.0,47165000.0,47422000.0,88.01571978,4165417279.8253
2022-02-01 12:00:00,47427000.0,47540000.0,47323000.0,47500000.0,140.90300696,6685544819.97952
2022-02-01 13:00:00,47500000.0,47560000.0,47312000.0,47403000.0,104.56115352,4959657633.27383
2022-02-01 14:00:00,47403000.0,47414000.0,47313000.0,47338000.0,65.02458733,3081067105.91611
2022-02-01 15:00:00,47338000.0,47373000.0,47051000.0,47132000.0,161.83279649,7629280339.00437
2022-02-01 16:00:00,47143000.0,47323000.0,47122000.0,47251000.0,65.68725116,3103167977.98575
2022-02-01 17:00:00,47251000.0,47420000.0,47163000.0,47420000.0,151.08897412,7153472381.47257
2022-02-01 18:00:00,47401000.0,47909000.0,47206000.0,47208000.0,512.06843077,24367605955.56374
2022-02-01 19:00:00,47209000.0,47244000.0,46869000.0,47102000.0,234.91999974,11058142941.86647
2022-02-01 20:00:00,47102000.0,47323000.0,47063000.0,47322000.0,133.962522,6325195878.11661
2022-02-01 21:00:00,47322000.0,47650000.0,47285000.0,47586000.0,212.66344146,10101292185.46486
2022-02-01 22:00:00,47585000.0,47856000.0,47418000.0,47790000.0,312.43913892,14889578462.3604
2022-02-01 23:00:00,47789000.0,48000000.0,47348000.0,47550000.0,413.50403836,19737416535.19245
2022-02-02 00:00:00,47530000.0,47635000.0,47197000.0,47631000.0,231.28075369,10959179519.49217
2022-02-02 01:00:00,47631000.0,48232000.0,47613000.0,48080000.0,278.71300054,13354869719.33586
2022-02-02 02:00:00,48080000.0,48270000.0,47706000.0,47905000.0,159.56916696,7649496599.9024
2022-02-02 03:00:00,47905000.0,47929000.0,47450000.0,47511000.0,81.95517702,3913632391.58333
2022-02-02 04:00:00,47511000.0,47640000.0,47374000.0,47420000.0,63.27483193,3004580813.31152
2022-02-02 05:00:00,47421000.0,47740000.0,47420000.0,47517000.0,65.18640791,3100899944.9322
2022-02-02 06:00:00,47513000.0,47883000.0,47513000.0,47812000.0,44.84754606,2141924594.91478
2022-02-02 07:00:00,47837000.0,47873000.0,47619000.0,47760000.0,63.38388061,3026667199.96762
2022-02-02 08:00:00,47750000.0,47921000.0,47662000.0,47760000.0,106.84143584,5107439979.52847
2022-02-02 09:00:00,47784000.0,47900000.0,47520000.0,47655000.0,243.07558795,11589799436.00372
2022-02-02 10:00:00,47654000.0,47701000.0,47400000.0,47469000.0,160.15862983,7614751116.38342
2022-02-02 11:00:00,47473000.0,47658000.0,47469000.0,47616000.0,92.66188509,4408363894.5916
2022-02-02 12:00:00,47616000.0,47793000.0,47605000.0,47632000.0,107.9633875,5147506056.38554
2022-02-02 13:00:00,47639000.0,47640000.0,47470000.0,47512000.0,123.60871409,5878822488.97473
2022-02-02 14:00:00,47511000.0,47596000.0,47444000.0,47490000.0,102.20256375,4852726676.63619
2022-02-02 15:00:00,47496000.0,47597000.0,47226000.0,47290000.0,165.51817621,7846658795.36225
2022-02-02 16:00:00,47290000.0,47415000.0,47266000.0,47310000.0,117.85259188,5579546861.57679
2022-02-02 17:00:00,47312000.0,47591000.0,47271000.0,47573000.0,100.66319758,4775218008.87299
2022-02-02 18:00:00,47573000.0,47676000.0,47473000.0,47629000.0,106.29359575,5058203210.40709
2022-02-02 19:00:00,47668000.0,47671000.0,47482000.0,47655000.0,86.33036327,4107679478.29376
2022-02-02 20:00:00,47655000.0,47680000.0,47490000.0,47545000.0,80.49676724,3828511117.19441
2022-02-02 21:00:00,47546000.0,47700000.0,47530000.0,47672000.0,140.84149554,6709100639.79946
2022-02-02 22:00:00,47672000.0,47723000.0,47304000.0,47310000.0,237.09228876,11261553164.31829
2022-02-02 23:00:00,47310000.0,47358000.0,46500000.0,46607000.0,718.05044715,33675304261.5576
2022-02-03 00:00:00,46584000.0,46791000.0,46190000.0,46238000.0,529.29096508,24619236501.84733
2022-02-03 01:00:00,46232000.0,46350000.0,46000000.0,46289000.0,366.7610664,16918597649.89673
2022-02-03 02:00:00,46289000.0,46518000.0,46168000.0,46360000.0,117.68873694,5457306608.40715
2022-02-03 03:00:00,46360000.0,46478000.0,46321000.0,46432000.0,59.09700095,2741677932.10147
2022-02-03 04:00:00,46432000.0,46574000.0,46340000.0,46474000.0,52.60869338,2444370592.23096
2022-02-03 05:00:00,46474000.0,46600000.0,46339000.0,46472000.0,55.30973277,2569213620.72261
2022-02-03 06:00:00,46488000.0,46534000.0,45634000.0,45827000.0,391.2640218,17960169483.36953
2022-02-03 07:00:00,45846000.0,46083000.0,45750000.0,45830000.0,211.47327555,9703654666.90816
2022-02-03 08:00:00,45850000.0,45890000.0,45401000.0,45517000.0,318.51728307,14533081378.83323
2022-02-03 09:00:00,45518000.0,45851000.0,45312000.0,45582000.0,343.68624685,15672833395.27733
2022-02-03 10:00:00,45584000.0,45722000.0,45511000.0,45649000.0,209.26199324,9541358926.35244
2022-02-03 11:00:00,45656000.0,45713000.0,45446000.0,45678000.0,144.37224308,6579268126.13156
2022-02-03 12:00:00,45682000.0,45748000.0,45507000.0,45524000.0,110.7323749,5049608428.26661
2022-02-03 13:00:00,45524000.0,45633000.0,45500000.0,45557000.0,149.52392247,6812110744.20841
2022-02-03 14:00:00,45567000.0,45759000.0,45440000.0,45751000.0,133.69494338,6098978755.85048
2022-02-03 15:00:00,45751000.0,45751000.0,45560000.0,45650000.0,91.06024811,4155722889.07243
2022-02-03 16:00:00,45659000.0,45793000.0,45639000.0,45776000.0,81.58717204,3731099677.84344
2022-02-03 17:00:00,45776000.0,45824000.0,45665000.0,45736000.0,89.29301994,4087015007.89853
2022-02-03 18:00:00,45736000.0,45776000.0,45385000.0,45385000.0,115.31035148,5256515663.43771
2022-02-03 19:00:00,45385000.0,45390000.0,44770000.0,44979000.0,477.13722104,21473898145.67278
2022-02-03 20:00:00,44995000.0,45403000.0,44796000.0,45379000.0,216.07431224,9733940806.91325
2022-02-03 21:00:00,45379000.0,45384000.0,44850000.0,45300000.0,161.93216653,7309300628.03431
2022-02-03 22:00:00,45301000.0,45420000.0,45082000.0,45242000.0,113.05258433,5118785883.43389
2022-02-03 23:00:00,45230000.0,45377000.0,45033000.0,45055000.0,119.69755506,5410214204.6303
2022-02-04 00:00:00,45055000.0,45600000.0,45001000.0,45477000.0,157.18734633,7130193200.47547
2022-02-04 01:00:00,45477000.0,45722000.0,45292000.0,45292000.0,82.24327083,3744142297.19509
2022-02-04 02:00:00,45288000.0,45437000.0,45145000.0,45344000.0,56.66854877,2566742900.03534
2022-02-04 03:00:00,45361000.0,45361000.0,45207000.0,45286000.0,47.27163596,2140782108.33612
2022-02-04 04:00:00,45286000.0,45287000.0,44985000.0,45109000.0,60.23032299,2717758553.55244
2022-02-04 05:00:00,45109000.0,45189000.0,44830000.0,44910000.0,53.28223634,2395308869.31656
2022-02-04 06:00:00,44881000.0,45560000.0,44881000.0,45427000.0,98.92554512,4488600932.90351
2022-02-04 07:00:00,45494000.0,45504000.0,45278000.0,45411000.0,52.3433709,2376158143.72478
2022-02-04 08:00:00,45411000.0,45900000.0,45360000.0,45835000.0,115.16924266,5248787117.55432
2022-02-04 09:00:00,45835000.0,45836000.0,45568000.0,45702000.0,160.71452058,7347163088.75886
2022-02-04 10:00:00,45702000.0,45771000.0,45500000.0,45677000.0,134.22221405,6123989565.34902
2022-02-04 11:00:00,45677000.0,45946000.0,45670000.0,45835000.0,173.22575723,7936630898.925
2022-02-04 12:00:00,45835000.0,45884000.0,45772000.0,45812000.0,170.97622884,7836592719.77046
2022-02-04 13:00:00,45773000.0,45851000.0,45675000.0,45683000.0,174.40005496,7983212972.27285
2022-02-04 14:00:00,45724000.0,46113000.0,45648000.0,45925000.0,275.82124076,12669672122.26283
2022-02-04 15:00:00,45925000.0,46500000.0,45918000.0,46497000.0,326.22724783,15122137759.26396
2022-02-04 16:00:00,46497000.0,46748000.0,46350000.0,46383000.0,306.21534492,14239152768.21843
2022-02-04 17:00:00,46383000.0,46660000.0,46367000.0,46504000.0,215.86013189,10038479559.30176
2022-02-04 18:00:00,46504000.0,46762000.0,46491000.0,46647000.0,154.68808792,7211103569.3087
2022-02-04 19:00:00,46660000.0,46850000.0,46364000.0,46444000.0,192.10919377,8941816309.44762
2022-02-04 20:00:00,46436000.0,46543000.0,46360000.0,46427000.0,109.32522112,5078655044.41404
2022-02-04 21:00:00,46426000.0,46729000.0,46388000.0,46501000.0,174.4219657,8124543898.58289
2022-02-04 22:00:00,46501000.0,46730000.0,45851000.0,45892000.0,337.02131975,15570015792.74788
2022-02-04 23:00:00,45892000.0,46602000.0,45749000.0,46493000.0,318.21598227,14691124970.47623
2022-02-05 00:00:00,46493000.0,48600000.0,46436000.0,48281000.0,1506.48681553,72265691766.87614
2022-02-05 01:00:00,48281000.0,49462000.0,48278000.0,49250000.0,929.95003261,45475630925.98227
2022-02-05 02:00:00,49250000.0,49449000.0,49010000.0,49413000.0,321.07540981,15791320432.19852
2022-02-05 03:00:00,49410000.0,49505000.0,49186000.0,49355000.0,157.00708705,7746634404.89898
2022-02-05 04:00:00,49351000.0,49829000.0,49234000.0,49686000.0,202.72281217,10037716423.90619
2022-02-05 05:00:00,49686000.0,49859000.0,49333000.0,49450000.0,208.53869552,10349696070.74818
2022-02-05 06:00:00,49450000.0,49601000.0,49255000.0,49556000.0,160.74034359,7948069477.16789
2022-02-05 07:00:00,49581000.0,49656000.0,49320000.0,49600000.0,166.23683407,8232164852.83888
2022-02-05 08:00:00,49609000.0,50843000.0,49536000.0,50633000.0,575.26210861,28913747249.72127
2022-02-05 09:00:00,50613000.0,51488000.0,50338000.0,50781000.0,1160.61347812,59061971993.44786
2022-02-05 10:00:00,50784000.0,50844000.0,50216000.0,50410000.0,491.09254177,24830136652.8352
2022-02-05 11:00:00,50404000.0,50803000.0,50326000.0,50720000.0,281.16995749,14230714272.15795
2022-02-05 12:00:00,50718000.0,50830000.0,50545000.0,50684000.0,184.53422144,9357613706.76653
2022-02-05 13:00:00,50684000.0,50870000.0,50599000.0,50643000.0,231.55490141,11747659905.0712
2022-02-05 14:00:00,50643000.0,50820000.0,50623000.0,50765000.0,167.99370747,8521873688.71105
2022-02-05 15:00:00,50763000.0,50948000.0,50680000.0,50682000.0,225.65642523,11467113593.4699
2022-02-05 16:00:00,50681000.0,50727000.0,50520000.0,50522000.0,256.44882405,12977678846.68819
2022-02-05 17:00:00,50523000.0,50780000.0,50499000.0,50748000.0,208.78090251,10570069473.9078
2022-02-05 18:00:00,50748000.0,50780000.0,50525000.0,50760000.0,166.79812333,8458384306.8011
2022-02-05 19:00:00,50767000.0,50973000.0,50697000.0,50820000.0,176.43809235,8966660594.56428
2022-02-05 20:00:00,50820000.0,50887000.0,50710000.0,50760000.0,128.71377048,6538123940.91644
2022-02-05 21:00:00,50780000.0,50900000.0,50705000.0,50728000.0,156.69112424,7962927265.30028
2022-02-05 22:00:00,50729000.0,50945000.0,50690000.0,50940000.0,204.48000335,10394952278.52103
2022-02-05 23:00:00,50943000.0,51100000.0,50789000.0,50842000.0,221.76124828,11285999234.71516
2022-02-06 00:00:00,50820000.0,51390000.0,50742000.0,51244000.0,329.42255146,16839201888.95012
2022-02-06 01:00:00,51254000.0,51331000.0,50633000.0,50686000.0,204.04829327,10404103361.92093
2022-02-06 02:00:00,50686000.0,51077000.0,50358000.0,50940000.0,328.16142592,16602444017.87107
2022-02-06 03:00:00,50940000.0,51245000.0,50825000.0,51125000.0,88.62818166,4525126551.97707
2022-02-06 04:00:00,51061000.0,51125000.0,50930000.0,50997000.0,41.88581315,2137712978.73221
2022-02-06 05:00:00,51049000.0,51198000.0,50894000.0,51124000.0,76.38284047,3895511059.88504
2022-02-06 06:00:00,51176000.0,51300000.0,51095000.0,51180000.0,77.79092983,3983388859.7688
2022-02-06 07:00:00,51204000.0,51278000.0,50996000.0,51052000.0,73.09301576,3739603705.83767
2022-02-06 08:00:00,51052000.0,51094000.0,50702000.0,50788000.0,136.28183139,6942861991.00612
2022-02-06 09:00:00,50788000.0,50991000.0,50788000.0,50974000.0,188.63668843,9597736474.82466
2022-02-06 10:00:00,50975000.0,51147000.0,50850000.0,51093000.0,179.28226181,9142880144.76551
2022-02-06 11:00:00,51093000.0,51210000.0,51000000.0,51046000.0,196.17275103,10025650285.24958
2022-02-06 12:00:00,51074000.0,51124000.0,50964000.0,50979000.0,186.34963889,9512083308.19578
2022-02-06 13:00:00,50979000.0,51000000.0,50802000.0,50924000.0,172.89684545,8803237961.55152
2022-02-06 14:00:00,50924000.0,51043000.0,50880000.0,50990000.0,85.74205012,4368761896.68805
2022-02-06 15:00:00,50990000.0,51065000.0,50970000.0,50970000.0,95.31425429,4862374663.53266
2022-02-06 16:00:00,50970000.0,51096000.0,50832000.0,51040000.0,173.4415054,8835099778.61545
2022-02-06 17:00:00,51029000.0,51040000.0,50865000.0,50994000.0,105.93133834,5396883766.86829
2022-02-06 18:00:00,50994000.0,51040000.0,50930000.0,51036000.0,95.63338739,4877783332.50997
2022-02-06 19:00:00,51036000.0,51089000.0,50917000.0,50950000.0,101.00599256,5151912986.63901
2022-02-06 20:00:00,50950000.0,51008000.0,50874000.0,50874000.0,83.26282394,4241655126.10543
2022-02-06 21:00:00,50876000.0,51029000.0,50873000.0,51026000.0,126.66880604,6455465650.17584
2022-02-06 22:00:00,51028000.0,51241000.0,50922000.0,51102000.0,186.88366914,9547464766.51737
2022-02-06 23:00:00,51113000.0,51697000.0,50511000.0,50618000.0,714.83090625,36498067899.61851
2022-02-07 00:00:00,50611000.0,50980000.0,50400000.0,50884000.0,363.16938902,18410137441.69226
2022-02-07 01:00:00,50884000.0,51106000.0,50855000.0,51090000.0,112.05266656,5709897938.74901
2022-02-07 02:00:00,51090000.0,51134000.0,50910000.0,51017000.0,51.66381895,2637882424.32551
2022-02-07 03:00:00,50981000.0,51066000.0,50830000.0,50900000.0,28.12983591,1433734937.93839
2022-02-07 04:00:00,50930000.0,51111000.0,50862000.0,51031000.0,45.91204957,2341398517.93208
2022-02-07 05:00:00,51084000.0,51087000.0,50925000.0,51040000.0,37.27286578,1902085483.56968
2022-02-07 06:00:00,51040000.0,51200000.0,50999000.0,51173000.0,57.76532793,2951931788.32834
2022-02-07 07:00:00,51172000.0,51190000.0,51010000.0,51095000.0,87.66260033,4482131095.33143
2022-02-07 08:00:00,51085000.0,52022000.0,51027000.0,51732000.0,570.51474229,29475189267.70457
2022-02-07 09:00:00,51678000.0,51841000.0,51084000.0,51278000.0,400.65834779,20594620769.50544
2022-02-07 10:00:00,51277000.0,51800000.0,51163000.0,51630000.0,250.04972077,12883082935.14986
2022-02-07 11:00:00,51630000.0,52276000.0,51601000.0,51903000.0,367.41832512,19099993233.83612
2022-02-07 12:00:00,51911000.0,52506000.0,51860000.0,52449000.0,344.62303816,18011067162.53182
2022-02-07 13:00:00,52449000.0,52480000.0,52222000.0,52306000.0,238.9981657,12513280046.26548
2022-02-07 14:00:00,52306000.0,52503000.0,52222000.0,52300000.0,245.25647295,12830678623.47077
2022-02-07 15:00:00,52299000.0,52336000.0,52176000.0,52247000.0,192.96236395,10084352342.25792
2022-02-07 16:00:00,52247000.0,52264000.0,51971000.0,52206000.0,221.03056527,11527529229.943
2022-02-07 17:00:00,52207000.0,52268000.0,51964000.0,52117000.0,241.04240292,12558006558.47576
2022-02-07 18:00:00,52112000.0,52177000.0,51500000.0,51798000.0,316.57106233,16393300647.6946
2022-02-07 19:00:00,51798000.0,52144000.0,51636000.0,51995000.0,174.58872911,9069067405.71577
2022-02-07 20:00:00,51995000.0,52343000.0,51994000.0,52301000.0,189.31898895,9887182186.88742
2022-02-07 21:00:00,52301000.0,52342000.0,52058000.0,52219000.0,171.14714945,8935323903.92608
2022-02-07 22:00:00,52219000.0,52445000.0,52190000.0,52398000.0,216.28132812,11319574057.80446
2022-02-07 23:00:00,52397000.0,52999000.0,52264000.0,52990000.0,490.98888828,25857245217.5441
2022-02-08 00:00:00,52985000.0,53499000.0,52633000.0,53487000.0,619.50583535,32916422667.1997
2022-02-08 01:00:00,53485000.0,53660000.0,53055000.0,53375000.0,459.56697173,24510564850.98889
2022-02-08 02:00:00,53360000.0,53835000.0,53224000.0,53720000.0,196.91881733,10538871073.38675
2022-02-08 03:00:00,53749000.0,54000000.0,53396000.0,53788000.0,193.17343415,10392000545.62577
2022-02-08 04:00:00,53789000.0,54110000.0,53643000.0,53926000.0,184.99827528,9981392771.36932
2022-02-08 05:00:00,53926000.0,54100000.0,53540000.0,53886000.0,160.18877898,8623995038.7634
2022-02-08 06:00:00,53893000.0,54002000.0,53561000.0,53800000.0,138.19229172,7435643763.95075
2022-02-08 07:00:00,53802000.0,54032000.0,53743000.0,53953000.0,160.76380189,8664760798.67577
2022-02-08 08:00:00,53936000.0,53968000.0,53500000.0,53511000.0,240.74979466,12925886746.43109
2022-02-08 09:00:00,53511000.0,53806000.0,53300000.0,53701000.0,420.49672247,22549827427.73912
2022-02-08 10:00:00,53701000.0,53998000.0,53670000.0,53965000.0,231.29113112,12457401011.35876
2022-02-08 11:00:00,53950000.0,53964000.0,53770000.0,53781000.0,255.71717426,13779780760.47777
2022-02-08 12:00:00,53770000.0,53965000.0,53717000.0,53946000.0,345.20163126,18572341822.25663
2022-02-08 13:00:00,53946000.0,54276000.0,53839000.0,54216000.0,445.98539318,24089618192.41337
2022-02-08 14:00:00,54214000.0,54854000.0,54000000.0,54710000.0,374.0943477,20348360112.9234
2022-02-08 15:00:00,54708000.0,55321000.0,54005000.0,54497000.0,948.43013022,51873296551.63129
2022-02-08 16:00:00,54497000.0,54660000.0,54200000.0,54513000.0,529.07381234,28813510972.20543
2022-02-08 17:00:00,54513000.0,54570000.0,53001000.0,53258000.0,1378.54499671,73748561658.84158
2022-02-08 18:00:00,53256000.0,53684000.0,52325000.0,53267000.0,1152.04725364,61084452043.0316
2022-02-08 19:00:00,53267000.0,53500000.0,52805000.0,53316000.0,677.04271098,35996376766.51268
2022-02-08 20:00:00,53316000.0,53800000.0,53244000.0,53791000.0,1101.19226207,58905694740.01065
2022-02-08 21:00:00,53792000.0,53800000.0,52745000.0,53123000.0,564.12942439,29996157234.47442
2022-02-08 22:00:00,53120000.0,53380000.0,52832000.0,53380000.0,282.11783876,14982309175.41833
2022-02-08 23:00:00,53384000.0,53645000.0,53230000.0,53379000.0,229.59576683,12272165986.45726
2022-02-09 00:00:00,53379000.0,53403000.0,52600000.0,53131000.0,390.84104997,20681425587.6849
2022-02-09 01:00:00,53130000.0,53400000.0,52650000.0,52775000.0,188.11474498,9992043580.8337
2022-02-09 02:00:00,52757000.0,52900000.0,52389000.0,52527000.0,181.74606949,9557349373.36709
2022-02-09 03:00:00,52527000.0,52891000.0,52471000.0,52601000.0,87.78315446,4622233909.08167
2022-02-09 04:00:00,52601000.0,52739000.0,52330000.0,52588000.0,73.51040291,3859459917.87572
2022-02-09 05:00:00,52569000.0,53933000.0,52529000.0,53926000.0,201.99187893,10785530446.74164
2022-02-09 06:00:00,53926000.0,54100000.0,53549000.0,53962000.0,213.25854899,11492524700.53501
2022-02-09 07:00:00,53996000.0,54040000.0,53610000.0,53834000.0,198.05037424,10659916397.60096
2022-02-09 08:00:00,53833000.0,53961000.0,53629000.0,53651000.0,329.51156901,17724988867.63939
2022-02-09 09:00:00,53651000.0,53921000.0,53450000.0,53855000.0,346.86134407,18632659102.89059
2022-02-09 10:00:00,53858000.0,53860000.0,53275000.0,53300000.0,193.4154396,10361403359.81946
2022-02-09 11:00:00,53300000.0,53442000.0,52560000.0,52780000.0,422.40934108,22322320118.75886
2022-02-09 12:00:00,52782000.0,52997000.0,52692000.0,52758000.0,152.63862661,8068131395.43931
2022-02-09 13:00:00,52757000.0,53000000.0,52720000.0,52975000.0,156.48122441,8271498710.64285
2022-02-09 14:00:00,52973000.0,53200000.0,52629000.0,53003000.0,219.81912275,11627959366.54833
2022-02-09 15:00:00,53025000.0,53327000.0,52968000.0,53148000.0,167.20777261,8893888063.77503
2022-02-09 16:00:00,53131000.0,53300000.0,52810000.0,53240000.0,240.13235891,12725519584.36491
2022-02-09 17:00:00,53252000.0,53327000.0,52652000.0,52910000.0,297.24522771,15736537344.8445
2022-02-09 18:00:00,52910000.0,53021000.0,52715000.0,52773000.0,193.95352577,10256433987.17835
2022-02-09 19:00:00,52773000.0,53100000.0,52735000.0,52977000.0,172.14621394,9113388015.30099
2022-02-09 20:00:00,52982000.0,53197000.0,52810000.0,53075000.0,212.98312451,11296090133.34119
2022-02-09 21:00:00,53075000.0,53740000.0,53047000.0,53490000.0,358.72926561,19138098026.89448
2022-02-09 22:00:00,53464000.0,53800000.0,53200000.0,53283000.0,360.37776258,19294063578.56954
2022-02-09 23:00:00,53283000.0,53501000.0,53063000.0,53385000.0,287.19880398,15302790814.90671
2022-02-10 00:00:00,53336000.0,53399000.0,53103000.0,53168000.0,264.01620627,14057005022.12838
2022-02-10 01:00:00,53215000.0,53380000.0,52982000.0,53264000.0,169.3069631,9002907797.81764
2022-02-10 02:00:00,53317000.0,53500000.0,53220000.0,53292000.0,67.380158,3596654778.53239
2022-02-10 03:00:00,53292000.0,53420000.0,53218000.0,53348000.0,33.62014606,1792080319.04974
2022-02-10 04:00:00,53353000.0,53851000.0,53330000.0,53770000.0,138.98857392,7460813803.02736
2022-02-10 05:00:00,53769000.0,54000000.0,53631000.0,53939000.0,140.66619096,7579256367.90945
2022-02-10 06:00:00,53939000.0,54000000.0,53627000.0,53680000.0,112.41532755,6054763982.68619
2022-02-10 07:00:00,53666000.0,53800000.0,53480000.0,53800000.0,116.08864146,6234370556.67196
2022-02-10 08:00:00,53800000.0,53866000.0,53536000.0,53660000.0,182.31713827,9784875939.52842
2022-02-10 09:00:00,53659000.0,53717000.0,53380000.0,53466000.0,340.94804429,18251312648.53384
2022-02-10 10:00:00,53463000.0,53740000.0,53410000.0,53737000.0,234.3127819,12559614488.9536
2022-02-10 11:00:00,53735000.0,53825000.0,53313000.0,53328000.0,245.86428193,13204226984.88459
2022-02-10 12:00:00,53327000.0,53335000.0,52968000.0,53078000.0,383.32721675,20353907299.54003
2022-02-10 13:00:00,53078000.0,53284000.0,52900000.0,53058000.0,315.85640998,16771287314.55785
2022-02-10 14:00:00,53058000.0,53091000.0,52949000.0,53020000.0,173.28733548,9185644729.78231
2022-02-10 15:00:00,53020000.0,53270000.0,52887000.0,53180000.0,237.32839465,12597631088.27226
2022-02-10 16:00:00,53179000.0,53387000.0,53116000.0,53386000.0,207.78845954,11070156823.70013
2022-02-10 17:00:00,53387000.0,53626000.0,53383000.0,53530000.0,276.22142247,14776091267.23668
2022-02-10 18:00:00,53600000.0,53800000.0,53439000.0,53773000.0,253.74120231,13618974090.96213
2022-02-10 19:00:00,53729000.0,54065000.0,53667000.0,53970000.0,410.04190282,22102790700.55721
2022-02-10 20:00:00,53970000.0,54605000.0,53869000.0,54331000.0,614.59929231,33350638663.75808
2022-02-10 21:00:00,54339000.0,54509000.0,53920000.0,54442000.0,456.89866422,24791755155.92879
2022-02-10 22:00:00,54443000.0,54485000.0,52959000.0,53152000.0,1021.31505493,54627529942.06289
2022-02-10 23:00:00,53152000.0,53994000.0,52604000.0,53953000.0,835.14317806,44229196870.17241
2022-02-11 00:00:00,53900000.0,55123000.0,53703000.0,54487000.0,1134.70048629,61876757685.90656
2022-02-11 01:00:00,54487000.0,55120000.0,54393000.0,55017000.0,449.74062739,24633817282.40647
2022-02-11 02:00:00,55039000.0,55380000.0,54633000.0,55036000.0,296.76517245,16347846920.2225
2022-02-11 03:00:00,55069000.0,55123000.0,54520000.0,54900000.0,119.38044698,6540614271.76452
2022-02-11 04:00:00,54900000.0,54991000.0,54020000.0,54088000.0,145.54390306,7923571946.61308
2022-02-11 05:00:00,54088000.0,54364000.0,53500000.0,53793000.0,220.59885673,11866727760.47389
2022-02-11 06:00:00,53811000.0,53900000.0,53300000.0,53310000.0,174.68051099,9372595294.41316
2022-02-11 07:00:00,53308000.0,53789000.0,53297000.0,53573000.0,228.36437267,12224390226.82418
2022-02-11 08:00:00,53573000.0,53649000.0,53039000.0,53123000.0,302.94640445,16151332297.03306
2022-02-11 09:00:00,53040000.0,53364000.0,52153000.0,52689000.0,808.59210634,42597156573.44656
2022-02-11 10:00:00,52677000.0,53293000.0,52509000.0,52786000.0,380.74713333,20156207555.35916
2022-02-11 11:00:00,52763000.0,52820000.0,52352000.0,52522000.0,252.30660317,13250309676.43527
2022-02-11 12:00:00,52518000.0,52893000.0,52513000.0,52810000.0,217.69212343,11451922466.29709
2022-02-11 13:00:00,52810000.0,52866000.0,52390000.0,52482000.0,184.33944045,9688720990.35774
2022-02-11 14:00:00,52482000.0,52499000.0,52300000.0,52318000.0,190.84256583,10000202118.52953
2022-02-11 15:00:00,52326000.0,52730000.0,52230000.0,52725000.0,182.16303888,9559421983.23158
2022-02-11 16:00:00,52725000.0,52855000.0,52542000.0,52703000.0,154.28834142,8127463711.46539
2022-02-11 17:00:00,52703000.0,52950000.0,52472000.0,52499000.0,164.45919369,8685095738.47071
2022-02-11 18:00:00,52471000.0,53112000.0,52344000.0,53033000.0,230.17578682,12165274982.22118
2022-02-11 19:00:00,53039000.0,53041000.0,52799000.0,52871000.0,132.64232038,7019951583.18325
2022-02-11 20:00:00,52872000.0,52940000.0,52751000.0,52763000.0,122.82170434,6491543719.24856
2022-02-11 21:00:00,52763000.0,53100000.0,52632000.0,52955000.0,189.46668481,10025693477.31358
2022-02-11 22:00:00,52955000.0,53290000.0,52898000.0,53258000.0,201.91932428,10730651856.67109
2022-02-11 23:00:00,53258000.0,53287000.0,52641000.0,52881000.0,327.33487527,17342544062.42159
2022-02-12 00:00:00,52825000.0,53120000.0,52819000.0,53002000.0,129.82906068,6879708316.63898
2022-02-12 01:00:00,53047000.0,53095000.0,52827000.0,52970000.0,84.91206408,4495167790.7263
2022-02-12 02:00:00,52921000.0,53092000.0,52800000.0,52823000.0,61.96367731,3279567094.2014
2022-02-12 03:00:00,52811000.0,52945000.0,52200000.0,52290000.0,180.78380336,9477509113.4739
2022-02-12 04:00:00,52267000.0,52778000.0,51700000.0,52432000.0,403.32000591,21021997239.81828
2022-02-12 05:00:00,52404000.0,52537000.0,51883000.0,52049000.0,252.54453175,13158196649.88943
2022-02-12 06:00:00,52049000.0,52467000.0,51952000.0,52168000.0,211.71604128,11058704659.9825
2022-02-12 07:00:00,52146000.0,52174000.0,51300000.0,51502000.0,601.64256151,31124524898.39326
2022-02-12 08:00:00,51502000.0,51975000.0,51376000.0,51882000.0,458.44392825,23692554101.96423
2022-02-12 09:00:00,51875000.0,52000000.0,51577000.0,51975000.0,383.31076301,19881198278.79632
2022-02-12 10:00:00,51972000.0,52278000.0,51888000.0,51979000.0,230.04209597,11978918216.69485
2022-02-12 11:00:00,51979000.0,52011000.0,51804000.0,51955000.0,142.39332401,7393718780.13201
2022-02-12 12:00:00,51955000.0,51978000.0,51577000.0,51784000.0,162.2646812,8397308932.15967
2022-02-12 13:00:00,51790000.0,51900000.0,51738000.0,51744000.0,100.68992592,5217448403.62913
2022-02-12 14:00:00,51744000.0,51825000.0,51545000.0,51577000.0,155.72777616,8042731365.39791
2022-02-12 15:00:00,51577000.0,51670000.0,50835000.0,51242000.0,594.85238259,30475718134.25963
2022-02-12 16:00:00,51243000.0,51570000.0,51231000.0,51469000.0,359.33328626,18478092228.08533
2022-02-12 17:00:00,51469000.0,51754000.0,51468000.0,51681000.0,203.51935972,10502172776.62466
2022-02-12 18:00:00,51683000.0,51852000.0,51615000.0,51779000.0,101.2440105,5236440440.38781
2022-02-12 19:00:00,51779000.0,51781000.0,51370000.0,51550000.0,128.26370361,6614002194.96633
2022-02-12 20:00:00,51550000.0,51738000.0,51250000.0,51695000.0,231.6946161,11930955189.80215
2022-02-12 21:00:00,51703000.0,51814000.0,51451000.0,51571000.0,110.12484948,5686506614.84574
2022-02-12 22:00:00,51571000.0,51720000.0,51474000.0,51502000.0,161.30345066,8319233212.83387
2022-02-12 23:00:00,51503000.0,51617000.0,51119000.0,51422000.0,236.98024897,12159025596.99007
2022-02-13 00:00:00,51422000.0,51468000.0,51198000.0,51446000.0,207.83068678,10662032517.52803
2022-02-13 01:00:00,51445000.0,52299000.0,51375000.0,52169000.0,337.70028812,17530843732.95449
2022-02-13 02:00:00,52150000.0,52244000.0,51775000.0,52064000.0,200.67474808,10430455322.35609
2022-02-13 03:00:00,52076000.0,52299000.0,52063000.0,52224000.0,131.0277545,6841924756.32529
2022-02-13 04:00:00,52224000.0,52297000.0,51853000.0,51963000.0,72.43802578,3775351756.19244
2022-02-13 05:00:00,52002000.0,52094000.0,51802000.0,51832000.0,56.88244454,2953609510.36127
2022-02-13 06:00:00,51849000.0,51898000.0,51065000.0,51261000.0,200.76357678,10307980221.09778
2022-02-13 07:00:00,51261000.0,51600000.0,51226000.0,51519000.0,83.63640777,4296317910.05706
2022-02-13 08:00:00,51533000.0,51669000.0,51388000.0,51597000.0,87.46964314,4508220119.20488
2022-02-13 09:00:00,51619000.0,51932000.0,51400000.0,51794000.0,169.71426929,8773297259.38657
2022-02-13 10:00:00,51795000.0,51871000.0,51470000.0,51481000.0,148.55795187,7688314605.42273
2022-02-13 11:00:00,51481000.0,51664000.0,51460000.0,51604000.0,119.26875905,6152430884.21044
2022-02-13 12:00:00,51607000.0,51651000.0,51547000.0,51620000.0,88.87670466,4583826261.66677
2022-02-13 13:00:00,51620000.0,51743000.0,51581000.0,51639000.0,103.27330235,5336113180.31801
2022-02-13 14:00:00,51661000.0,51734000.0,51587000.0,51662000.0,63.34055421,3272400531.59296
2022-02-13 15:00:00,51708000.0,51836000.0,51600000.0,51834000.0,73.28195074,3790266468.17298
2022-02-13 16:00:00,51834000.0,51901000.0,51758000.0,51849000.0,83.92001011,4348014101.91549
2022-02-13 17:00:00,51849000.0,51927000.0,51745000.0,51883000.0,120.62087961,6257264781.86287
2022-02-13 18:00:00,51895000.0,51903000.0,51745000.0,51830000.0,128.16264993,6644908253.89032
2022-02-13 19:00:00,51831000.0,52120000.0,51680000.0,52080000.0,208.66139487,10827370146.99299
2022-02-13 20:00:00,52080000.0,52114000.0,51922000.0,51942000.0,124.06781393,6451708132.11342
2022-02-13 21:00:00,51942000.0,52115000.0,51924000.0,51961000.0,106.71738907,5552589707.82651
2022-02-13 22:00:00,51969000.0,52015000.0,51896000.0,51948000.0,110.55407574,5745301721.83151
2022-02-13 23:00:00,51948000.0,52190000.0,51595000.0,51885000.0,210.81446507,10926905302.17309
2022-02-14 00:00:00,51882000.0,52167000.0,51882000.0,52010000.0,130.48173996,6788303717.09813
2022-02-14 01:00:00,52010000.0,52015000.0,51555000.0,51710000.0,148.3069143,7670026225.08234
2022-02-14 02:00:00,51710000.0,51749000.0,51556000.0,51633000.0,61.59700245,3179652608.90376
2022-02-14 05:00:00,51633000.0,51996000.0,51422000.0,51996000.0,171.600683,8865081976.70395
2022-02-14 06:00:00,51996000.0,52041000.0,51703000.0,51758000.0,124.08866638,6436019680.39957
2022-02-14 07:00:00,51757000.0,51943000.0,51718000.0,51932000.0,106.25939052,5508752033.47651
2022-02-14 08:00:00,51938000.0,51949000.0,51482000.0,51550000.0,135.28587951,6997881231.61086
2022-02-14 09:00:00,51550000.0,51698000.0,51400000.0,51547000.0,289.89820923,14932307921.39942
2022-02-14 10:00:00,51547000.0,51548000.0,50800000.0,50896000.0,470.85339892,24029435067.83196
2022-02-14 11:00:00,50896000.0,51104000.0,50810000.0,51017000.0,280.05582133,14274950867.33293
2022-02-14 12:00:00,51017000.0,51293000.0,50851000.0,51142000.0,275.09407404,14059309655.54082
2022-02-14 13:00:00,51199000.0,51200000.0,51069000.0,51097000.0,121.93693522,6232403627.44204
2022-02-14 14:00:00,51097000.0,51170000.0,50810000.0,50862000.0,176.64608335,9011862109.10305
2022-02-14 15:00:00,50862000.0,51316000.0,50744000.0,51258000.0,276.00067294,14067633109.62077
2022-02-14 16:00:00,51260000.0,51459000.0,51186000.0,51445000.0,133.74199394,6861698430.39393
2022-02-14 17:00:00,51446000.0,51598000.0,51248000.0,51250000.0,181.55760683,9330486366.05232
2022-02-14 18:00:00,51249000.0,51496000.0,51170000.0,51280000.0,156.821181,8045083056.09127
2022-02-14 19:00:00,51283000.0,51489000.0,51136000.0,51438000.0,84.56949479,4343123167.36842
2022-02-14 20:00:00,51433000.0,51573000.0,51297000.0,51318000.0,111.9897609,5761363697.35522
2022-02-14 21:00:00,51317000.0,51846000.0,51184000.0,51786000.0,270.27533163,13920058277.25738
2022-02-14 22:00:00,51784000.0,51952000.0,51603000.0,51731000.0,248.605259,12875591474.84617
2022-02-14 23:00:00,51731000.0,52041000.0,51657000.0,51731000.0,216.49317681,11226193457.40759
2022-02-15 00:00:00,51731000.0,51877000.0,51550000.0,51814000.0,135.04034408,6986113557.87437
2022-02-15 01:00:00,51814000.0,52041000.0,51766000.0,51830000.0,123.82305256,6431073975.95721
2022-02-15 02:00:00,51830000.0,51996000.0,51673000.0,51775000.0,96.28171039,4990329787.39152
2022-02-15 03:00:00,51788000.0,51900000.0,51400000.0,51456000.0,63.98158615,3304495668.74861
2022-02-15 04:00:00,51457000.0,51581000.0,51101000.0,51432000.0,131.82294446,6763424262.49048
2022-02-15 05:00:00,51433000.0,51550000.0,51301000.0,51376000.0,58.36506467,3001566663.81725
2022-02-15 06:00:00,51370000.0,51449000.0,51233000.0,51389000.0,80.92377654,4154669421.17307
2022-02-15 07:00:00,51400000.0,51903000.0,51387000.0,51820000.0,160.21382285,8294992723.15719
2022-02-15 08:00:00,51820000.0,51984000.0,51581000.0,51586000.0,108.63663447,5631183887.89476
2022-02-15 09:00:00,51586000.0,51852000.0,51462000.0,51767000.0,159.33688107,8230798610.25941
2022-02-15 10:00:00,51767000.0,52850000.0,51727000.0,52740000.0,509.48507075,26747340404.9849
2022-02-15 11:00:00,52744000.0,52910000.0,52600000.0,52759000.0,274.26952443,14473105806.55122
2022-02-15 12:00:00,52759000.0,52859000.0,52670000.0,52810000.0,153.63075408,8111798031.97645
2022-02-15 13:00:00,52810000.0,52991000.0,52645000.0,52666000.0,247.3408163,13058001610.10099
2022-02-15 14:00:00,52666000.0,52838000.0,52599000.0,52751000.0,173.29738185,9130758111.5921
2022-02-15 15:00:00,52751000.0,52934000.0,52708000.0,52777000.0,145.44534688,7686262273.42936
2022-02-15 16:00:00,52776000.0,53005000.0,52750000.0,52940000.0,157.92680717,8352737713.0553
2022-02-15 17:00:00,52940000.0,53498000.0,52800000.0,53291000.0,376.01900334,20012273496.07533
2022-02-15 18:00:00,53291000.0,53450000.0,53126000.0,53376000.0,228.51237684,12175406777.73721
2022-02-15 19:00:00,53376000.0,53738000.0,53311000.0,53649000.0,302.09933532,16177858330.40688
2022-02-15 20:00:00,53649000.0,53740000.0,53338000.0,53514000.0,284.22610643,15219428385.63233
2022-02-15 21:00:00,53514000.0,53616000.0,53367000.0,53424000.0,242.43136155,12969044705.84136
2022-02-15 22:00:00,53424000.0,53603000.0,53322000.0,53494000.0,223.22574909,11936492485.169
2022-02-15 23:00:00,53494000.0,53740000.0,53460000.0,53540000.0,265.33135566,14222725531.96216
2022-02-16 00:00:00,53546000.0,53555000.0,53350000.0,53471000.0,131.47606146,7029392385.71276
2022-02-16 01:00:00,53472000.0,53495000.0,53168000.0,53297000.0,127.22497841,6785123233.3625
2022-02-16 02:00:00,53297000.0,53297000.0,53008000.0,53146000.0,89.38016933,4749967611.47874
2022-02-16 03:00:00,53145000.0,53343000.0,53086000.0,53323000.0,45.48426101,2420836080.99178
2022-02-16 04:00:00,53285000.0,53349000.0,53250000.0,53311000.0,38.92349172,2074751726.77035
2022-02-16 05:00:00,53311000.0,53479000.0,53308000.0,53467000.0,70.19106583,3748822189.6075
2022-02-16 06:00:00,53418000.0,53479000.0,53289000.0,53396000.0,72.53049189,3873037216.1877
2022-02-16 07:00:00,53405000.0,53700000.0,53360000.0,53564000.0,150.09446489,8040867006.62568
2022-02-16 08:00:00,53563000.0,53998000.0,53496000.0,53832000.0,326.58660918,17568239988.86485
2022-02-16 09:00:00,53835000.0,53842000.0,53404000.0,53497000.0,376.44288721,20185594915.34278
2022-02-16 10:00:00,53497000.0,53580000.0,53310000.0,53346000.0,225.05989115,12023904555.59034
2022-02-16 11:00:00,53357000.0,53450000.0,53300000.0,53422000.0,154.15408395,8227034509.93161
2022-02-16 12:00:00,53422000.0,53582000.0,53258000.0,53269000.0,161.17459362,8608297033.64757
2022-02-16 13:00:00,53270000.0,53294000.0,52970000.0,53130000.0,324.54617818,17232391852.64941
2022-02-16 14:00:00,53132000.0,53450000.0,53080000.0,53409000.0,140.90295144,7517065529.60802
2022-02-16 15:00:00,53409000.0,53500000.0,53312000.0,53365000.0,101.81414996,5440602378.41768
2022-02-16 16:00:00,53326000.0,53608000.0,53288000.0,53588000.0,171.85865975,9177545907.01645
2022-02-16 17:00:00,53588000.0,53706000.0,53430000.0,53468000.0,541.36572811,29021532094.17277
2022-02-16 18:00:00,53456000.0,53610000.0,53416000.0,53418000.0,174.03604361,9315868309.46659
2022-02-16 19:00:00,53418000.0,53547000.0,53300000.0,53495000.0,152.56599357,8149545642.73189
2022-02-16 20:00:00,53500000.0,53680000.0,53437000.0,53615000.0,148.01948206,7932364968.33843
2022-02-16 21:00:00,53593000.0,53633000.0,53451000.0,53500000.0,144.74034803,7749042994.33073
2022-02-16 22:00:00,53500000.0,53557000.0,53000000.0,53076000.0,317.97062968,16942445075.69763
2022-02-16 23:00:00,53076000.0,53213000.0,52769000.0,52858000.0,379.0380741,20097176474.64938
2022-02-17 00:00:00,52858000.0,53150000.0,52845000.0,53072000.0,168.62364054,8950038279.88207
2022-02-17 01:00:00,53072000.0,53146000.0,52844000.0,53119000.0,121.5523067,6443714651.58883
2022-02-17 02:00:00,53133000.0,53146000.0,52958000.0,52958000.0,51.44976187,2730240602.07874
2022-02-17 03:00:00,52978000.0,53200000.0,52920000.0,53121000.0,61.61619476,3271519461.30742
2022-02-17 04:00:00,53121000.0,53660000.0,53040000.0,53479000.0,222.54212142,11901084123.22978
2022-02-17 05:00:00,53492000.0,53680000.0,53400000.0,53400000.0,79.82748252,4272553347.80529
2022-02-17 06:00:00,53399000.0,53470000.0,53264000.0,53425000.0,97.17393056,5185488100.64043
2022-02-17 07:00:00,53425000.0,53532000.0,53316000.0,53397000.0,75.48444375,4033039329.54551
2022-02-17 08:00:00,53440000.0,53566000.0,53250000.0,53298000.0,190.01501989,10148669932.51418
2022-02-17 09:00:00,53298000.0,53516000.0,53211000.0,53499000.0,177.82527593,9482048440.6179
2022-02-17 10:00:00,53499000.0,53540000.0,53320000.0,53394000.0,129.87755042,6939940236.7043
2022-02-17 11:00:00,53394000.0,53463000.0,53173000.0,53313000.0,206.70510678,11025088243.07572
2022-02-17 12:00:00,53298000.0,53448000.0,52800000.0,52800000.0,263.2275337,13998229191.35484
2022-02-17 13:00:00,52800000.0,52970000.0,52300000.0,52857000.0,793.77270452,41760339124.65359
2022-02-17 14:00:00,52856000.0,52896000.0,52624000.0,52662000.0,192.73052282,10172255056.52187
2022-02-17 15:00:00,52694000.0,53100000.0,52655000.0,53079000.0,149.62264157,7911016504.91591
2022-02-17 16:00:00,53079000.0,53136000.0,52854000.0,53114000.0,123.84128834,6562865146.23292
2022-02-17 17:00:00,53116000.0,53273000.0,52645000.0,52732000.0,296.18982214,15662129899.60341
2022-02-17 18:00:00,52732000.0,52800000.0,52233000.0,52459000.0,290.45341169,15242509847.5559
2022-02-17 19:00:00,52459000.0,52600000.0,52155000.0,52275000.0,177.61783385,9300762180.01893
2022-02-17 20:00:00,52275000.0,52495000.0,52231000.0,52457000.0,110.25206603,5776126616.9153
2022-02-17 21:00:00,52441000.0,52697000.0,52440000.0,52488000.0,128.79068457,6770499793.57773
2022-02-17 22:00:00,52488000.0,52570000.0,51330000.0,51445000.0,746.98925726,38707061545.18137
2022-02-17 23:00:00,51439000.0,51636000.0,51115000.0,51173000.0,565.1702931,29033930640.95811
2022-02-18 00:00:00,51185000.0,51391000.0,50895000.0,51080000.0,470.20969323,24027657060.32887
2022-02-18 01:00:00,51080000.0,51295000.0,50890000.0,51140000.0,297.36788221,15199296638.06031
2022-02-18 02:00:00,51162000.0,51234000.0,50900000.0,50962000.0,158.09474972,8070646008.87549
2022-02-18 03:00:00,50962000.0,51146000.0,50100000.0,50364000.0,515.6077473,26019943250.72579
2022-02-18 04:00:00,50401000.0,50479000.0,50134000.0,50392000.0,157.65816688,7925982688.74983
2022-02-18 05:00:00,50428000.0,50428000.0,50024000.0,50090000.0,184.40272471,9255870921.35611
2022-02-18 06:00:00,50104000.0,50104000.0,49203000.0,49950000.0,692.79178668,34430312287.66571
2022-02-18 07:00:00,49950000.0,50085000.0,49423000.0,49809000.0,403.24542475,20062996584.68579
2022-02-18 08:00:00,49809000.0,49829000.0,49306000.0,49376000.0,383.26496352,19004011206.06813
2022-02-18 09:00:00,49376000.0,49800000.0,49203000.0,49648000.0,566.39306299,28072077664.5804
2022-02-18 10:00:00,49625000.0,50199000.0,49483000.0,49999000.0,382.6163716,19070258209.80124
2022-02-18 11:00:00,49999000.0,50098000.0,49807000.0,49864000.0,215.54268894,10761760706.59105
2022-02-18 12:00:00,49864000.0,49900000.0,49713000.0,49746000.0,158.06189104,7871562669.27189
2022-02-18 13:00:00,49750000.0,49825000.0,49363000.0,49388000.0,351.99646513,17452113969.98855
2022-02-18 14:00:00,49388000.0,49613000.0,49347000.0,49460000.0,146.57484799,7251558851.53438
2022-02-18 15:00:00,49459000.0,49599000.0,49380000.0,49505000.0,218.53278918,10812489661.82145
2022-02-18 16:00:00,49505000.0,49650000.0,49390000.0,49514000.0,171.78245681,8503958123.03005
2022-02-18 17:00:00,49514000.0,49869000.0,49487000.0,49780000.0,170.88871034,8482852681.7307
2022-02-18 18:00:00,49777000.0,49853000.0,49635000.0,49744000.0,160.85784813,8003185416.5382
2022-02-18 19:00:00,49744000.0,49837000.0,49624000.0,49724000.0,141.46576108,7031417258.22076
2022-02-18 20:00:00,49725000.0,49764000.0,48749000.0,48871000.0,603.7805772,29632019058.8898
2022-02-18 21:00:00,48872000.0,49236000.0,48805000.0,49182000.0,218.64871397,10726610640.87365
2022-02-18 22:00:00,49182000.0,49299000.0,48962000.0,49134000.0,186.04459198,9138162494.95541
2022-02-18 23:00:00,49134000.0,49348000.0,48443000.0,49297000.0,483.39573947,23596170819.13684
2022-02-19 00:00:00,49316000.0,49670000.0,48551000.0,48740000.0,478.56768609,23519949557.20841
2022-02-19 01:00:00,48740000.0,49348000.0,48369000.0,48850000.0,319.29316968,15601271611.98639
2022-02-19 02:00:00,48800000.0,49271000.0,48800000.0,48996000.0,104.03807684,5100823935.67467
2022-02-19 03:00:00,48945000.0,49104000.0,48699000.0,49031000.0,76.96425935,3761142610.66943
2022-02-19 04:00:00,49030000.0,49289000.0,48950000.0,49171000.0,48.32923491,2375453564.24155
2022-02-19 05:00:00,49171000.0,49267000.0,48900000.0,48950000.0,62.81574945,3081479643.20464
2022-02-19 06:00:00,48945000.0,49162000.0,48896000.0,49014000.0,56.39857009,2765075889.42644
2022-02-19 07:00:00,49014000.0,49052000.0,48725000.0,48993000.0,100.22144139,4897768898.30668
2022-02-19 08:00:00,48993000.0,49057000.0,48900000.0,49015000.0,92.95103744,4555617040.2887
2022-02-19 09:00:00,49004000.0,49250000.0,48925000.0,49190000.0,179.12695444,8801816736.53456
2022-02-19 10:00:00,49190000.0,49250000.0,48908000.0,48953000.0,109.41491897,5371720493.54445
2022-02-19 11:00:00,48953000.0,49060000.0,48902000.0,48949000.0,82.22287146,4025823785.67389
2022-02-19 12:00:00,48949000.0,48998000.0,48830000.0,48931000.0,105.93249699,5182055274.18182
2022-02-19 13:00:00,48931000.0,49052000.0,48873000.0,49046000.0,103.3917268,5064275998.38744
2022-02-19 14:00:00,49046000.0,49094000.0,48901000.0,48993000.0,98.04746934,4803867687.57914
2022-02-19 15:00:00,48974000.0,49221000.0,48950000.0,49160000.0,89.30316114,4382836630.37208
2022-02-19 16:00:00,49160000.0,49192000.0,49050000.0,49058000.0,90.31301966,4434977422.89667
2022-02-19 17:00:00,49058000.0,49095000.0,48625000.0,48670000.0,168.92404179,8253611339.46888
2022-02-19 18:00:00,48672000.0,48756000.0,48500000.0,48504000.0,229.13348976,11133730026.54395
2022-02-19 19:00:00,48504000.0,48583000.0,48271000.0,48522000.0,221.91621835,10743446523.6317
2022-02-19 20:00:00,48527000.0,48800000.0,48274000.0,48647000.0,285.14566722,13835727671.67092
2022-02-19 21:00:00,48655000.0,48701000.0,48350000.0,48443000.0,150.82820882,7317836628.89664
2022-02-19 22:00:00,48423000.0,48900000.0,48347000.0,48876000.0,217.28433284,10572535775.91807
2022-02-19 23:00:00,48876000.0,48876000.0,48478000.0,48573000.0,106.74124953,5189840092.54264
2022-02-20 00:00:00,48573000.0,48674000.0,48500000.0,48595000.0,85.8496757,4171995780.20915
2022-02-20 01:00:00,48612000.0,49009000.0,48490000.0,48623000.0,157.90690513,7706879053.86549
2022-02-20 02:00:00,48600000.0,48847000.0,48545000.0,48820000.0,46.3990797,2259667210.24449
2022-02-20 03:00:00,48820000.0,48951000.0,48737000.0,48841000.0,33.41801939,1630934238.2568
2022-02-20 04:00:00,48841000.0,48874000.0,48638000.0,48767000.0,62.33804418,3038962383.94099
2022-02-20 05:00:00,48767000.0,48880000.0,48697000.0,48786000.0,58.31250521,2845177143.46116
2022-02-20 06:00:00,48842000.0,48842000.0,48525000.0,48683000.0,52.66866283,2564045685.33002
2022-02-20 07:00:00,48674000.0,48900000.0,48639000.0,48870000.0,51.54657198,2513836202.11976
2022-02-20 08:00:00,48857000.0,49107000.0,48783000.0,49035000.0,116.1209934,5684009305.25853
2022-02-20 09:00:00,49035000.0,49038000.0,48700000.0,48807000.0,140.79922859,6881901651.01912
2022-02-20 10:00:00,48807000.0,48908000.0,48702000.0,48860000.0,86.86118942,4239139636.37912
2022-02-20 11:00:00,48862000.0,48895000.0,48755000.0,48788000.0,76.99626619,3758062829.20701
2022-02-20 12:00:00,48786000.0,48816000.0,48625000.0,48665000.0,95.53309651,4654011503.29268
2022-02-20 13:00:00,48673000.0,48706000.0,48383000.0,48409000.0,162.40316799,7883217172.74935
2022-02-20 14:00:00,48400000.0,48557000.0,48057000.0,48213000.0,361.65815296,17475528295.19618
2022-02-20 15:00:00,48213000.0,48298000.0,47485000.0,47530000.0,642.45278952,30708392559.55194
2022-02-20 16:00:00,47530000.0,47696000.0,47300000.0,47602000.0,473.26825274,22467434669.22346
2022-02-20 17:00:00,47603000.0,47669000.0,46890000.0,46902000.0,955.89946102,45150962634.16417
2022-02-20 18:00:00,46897000.0,47132000.0,46650000.0,46709000.0,553.20460117,25923914169.15764
2022-02-20 19:00:00,46727000.0,47000000.0,46706000.0,46749000.0,228.6031144,10711933697.3122
2022-02-20 20:00:00,46733000.0,46923000.0,46680000.0,46870000.0,170.88412992,7989127264.52029
2022-02-20 21:00:00,46870000.0,47250000.0,46723000.0,46723000.0,240.85082465,11313888446.9549
2022-02-20 22:00:00,46744000.0,46955000.0,46676000.0,46815000.0,177.74227058,8315804138.2583
2022-02-20 23:00:00,46815000.0,46981000.0,46670000.0,46794000.0,302.63511324,14158831921.29711
2022-02-21 00:00:00,46759000.0,46981000.0,46738000.0,46950000.0,116.21653308,5446250049.67912
2022-02-21 01:00:00,46940000.0,47092000.0,46800000.0,46847000.0,111.96448515,5256740990.60464
2022-02-21 02:00:00,46846000.0,47012000.0,46800000.0,46838000.0,39.05740865,1831174068.43922
2022-02-21 03:00:00,46838000.0,47050000.0,46766000.0,46992000.0,46.50301208,2179936862.05319
2022-02-21 04:00:00,46992000.0,47053000.0,46924000.0,47046000.0,24.43589591,1148668797.63683
2022-02-21 05:00:00,47053000.0,47056000.0,46842000.0,46962000.0,30.34772656,1425098759.84749
2022-02-21 06:00:00,46995000.0,46995000.0,46771000.0,46942000.0,70.6011753,3308426373.99812
2022-02-21 07:00:00,46978000.0,47740000.0,46877000.0,47713000.0,184.14814047,8715867456.37822
2022-02-21 08:00:00,47713000.0,47811000.0,47060000.0,47131000.0,231.88276388,10986138654.65411
2022-02-21 09:00:00,47133000.0,47441000.0,46900000.0,47441000.0,251.10750643,11829916995.88527
2022-02-21 10:00:00,47441000.0,48128000.0,47240000.0,47879000.0,477.57243682,22827004417.62144
2022-02-21 11:00:00,47879000.0,47949000.0,47638000.0,47760000.0,218.7916228,10450962118.86494
2022-02-21 12:00:00,47760000.0,47850000.0,47300000.0,47526000.0,200.28884311,9533162219.3849
2022-02-21 13:00:00,47526000.0,47933000.0,47438000.0,47858000.0,159.5553518,7601667958.36234
2022-02-21 14:00:00,47856000.0,48073000.0,47744000.0,47782000.0,129.88729441,6217041432.18846
2022-02-21 15:00:00,47800000.0,47803000.0,47724000.0,47734000.0,131.3922992,6274353633.3229
2022-02-21 16:00:00,47734000.0,47785000.0,47551000.0,47779000.0,137.42020551,6551308548.7416
2022-02-21 17:00:00,47780000.0,47793000.0,47484000.0,47489000.0,158.09468171,7537325881.43591
2022-02-21 18:00:00,47489000.0,47550000.0,47300000.0,47302000.0,166.32145892,7886591536.153
2022-02-21 19:00:00,47302000.0,47350000.0,46536000.0,46608000.0,438.93378614,20557549085.27142
2022-02-21 20:00:00,46608000.0,46772000.0,45897000.0,46067000.0,1088.52152857,50272019210.86443
2022-02-21 21:00:00,46067000.0,46503000.0,45900000.0,46063000.0,572.89902403,26416187021.6409
2022-02-21 22:00:00,46063000.0,46200000.0,45800000.0,45988000.0,504.26635864,23160633076.96832
2022-02-21 23:00:00,45988000.0,47547000.0,45895000.0,47237000.0,755.76010333,35488426777.97457
2022-02-22 00:00:00,47237000.0,47843000.0,47120000.0,47330000.0,339.43926714,16103280572.58289
2022-02-22 01:00:00,47359000.0,47689000.0,47208000.0,47208000.0,128.95103407,6118232363.95449
2022-02-22 02:00:00,47207000.0,47376000.0,47020000.0,47090000.0,66.22181453,3126330454.32187
2022-02-22 03:00:00,47093000.0,47269000.0,46050000.0,46333000.0,226.76711687,10546352136.01315
2022-02-22 04:00:00,46307000.0,46983000.0,46150000.0,46845000.0,122.27211867,5687734492.50808
2022-02-22 05:00:00,46801000.0,47240000.0,46682000.0,46970000.0,81.73302905,3836993591.28329
2022-02-22 06:00:00,47012000.0,47042000.0,45613000.0,45613000.0,304.0451888,14039652959.9787
2022-02-22 07:00:00,45610000.0,46246000.0,45300000.0,46057000.0,568.39770032,25955240340.57809
2022-02-22 08:00:00,46042000.0,46100000.0,45147000.0,45450000.0,657.65625363,29944130945.65481
2022-02-22 09:00:00,45450000.0,45868000.0,45127000.0,45700000.0,501.3513241,22837149218.99635
2022-02-22 10:00:00,45700000.0,45821000.0,45182000.0,45519000.0,315.36096216,14336429480.91931
2022-02-22 11:00:00,45550000.0,45560000.0,45220000.0,45326000.0,177.65430928,8064812257.36315
2022-02-22 12:00:00,45326000.0,45354000.0,44746000.0,45003000.0,903.21684381,40625838938.19569
2022-02-22 13:00:00,45003000.0,45020000.0,44850000.0,44888000.0,217.17547604,9758523642.23389
2022-02-22 14:00:00,44888000.0,45626000.0,44858000.0,45086000.0,248.16590807,11202921224.73972
2022-02-22 15:00:00,45051000.0,45368000.0,44933000.0,45219000.0,183.00577982,8256349071.43506
2022-02-22 16:00:00,45219000.0,45343000.0,44890000.0,45055000.0,215.15193982,9699544443.25071
2022-02-22 17:00:00,45046000.0,45470000.0,45002000.0,45427000.0,155.4590866,7033965401.77168
2022-02-22 18:00:00,45438000.0,45670000.0,45290000.0,45479000.0,154.02052796,7003106643.6006
2022-02-22 19:00:00,45479000.0,46399000.0,45350000.0,46251000.0,359.36724074,16515693239.17511
2022-02-22 20:00:00,46246000.0,46285000.0,45710000.0,45877000.0,232.79982033,10699782291.55811
2022-02-22 21:00:00,45865000.0,46100000.0,45595000.0,46031000.0,160.76497341,7379009635.29595
2022-02-22 22:00:00,46030000.0,46337000.0,45661000.0,46200000.0,164.59560422,7562474064.1591
2022-02-22 23:00:00,46204000.0,46693000.0,45770000.0,46507000.0,357.973925,16526062273.20404
2022-02-23 00:00:00,46484000.0,46588000.0,45950000.0,46068000.0,198.47824248,9194072138.27542
2022-02-23 01:00:00,46002000.0,46195000.0,45565000.0,45864000.0,284.27612646,13050584953.45812
2022-02-23 02:00:00,45911000.0,46034000.0,45586000.0,45846000.0,80.68990587,3694488860.94612
2022-02-23 03:00:00,45884000.0,46250000.0,45756000.0,45871000.0,64.50067002,2963661098.48453
2022-02-23 04:00:00,45871000.0,46450000.0,45821000.0,46312000.0,95.51597973,4409666901.6055
2022-02-23 05:00:00,46337000.0,46510000.0,46066000.0,46207000.0,71.50255142,3312047067.46435
2022-02-23 06:00:00,46253000.0,46372000.0,46100000.0,46140000.0,56.17252054,2597525126.8068
2022-02-23 07:00:00,46140000.0,46249000.0,45944000.0,46097000.0,110.27982076,5082709924.932
2022-02-23 08:00:00,46097000.0,46676000.0,46093000.0,46474000.0,170.54219764,7914508270.86544
2022-02-23 09:00:00,46500000.0,46693000.0,46257000.0,46380000.0,220.32751272,10237948346.07388
2022-02-23 10:00:00,46360000.0,46401000.0,46141000.0,46268000.0,185.99732651,8602564502.81048
2022-02-23 11:00:00,46268000.0,46431000.0,45734000.0,45825000.0,321.68734421,14817026395.8752
2022-02-23 12:00:00,45836000.0,46057000.0,45813000.0,45927000.0,156.82924209,7203613839.45375
2022-02-23 13:00:00,45939000.0,46203000.0,45915000.0,46174000.0,193.60718272,8928007469.09195
2022-02-23 14:00:00,46174000.0,46273000.0,45962000.0,46160000.0,253.52605204,11685634579.91276
2022-02-23 15:00:00,46160000.0,46301000.0,46080000.0,46203000.0,146.77296869,6784696634.00709
2022-02-23 16:00:00,46224000.0,46568000.0,46164000.0,46515000.0,243.3733946,11283226350.86399
2022-02-23 17:00:00,46515000.0,47206000.0,46448000.0,46970000.0,651.31844768,30564061861.75879
2022-02-23 18:00:00,46970000.0,47369000.0,46936000.0,47216000.0,406.73701529,19168686691.27904
2022-02-23 19:00:00,47211000.0,47249000.0,47001000.0,47075000.0,419.71438802,19777625434.42115
2022-02-23 20:00:00,47075000.0,47368000.0,46973000.0,47040000.0,520.49902267,24497425076.42097
2022-02-23 21:00:00,47080000.0,47430000.0,47040000.0,47398000.0,169.3210944,7998698225.61674
2022-02-23 22:00:00,47370000.0,47530000.0,47100000.0,47213000.0,402.82452825,19054372307.96139
2022-02-23 23:00:00,47213000.0,47232000.0,46808000.0,46826000.0,194.50155748,9152339583.25527
2022-02-24 00:00:00,46826000.0,46887000.0,46590000.0,46621000.0,208.1355389,9723946645.95516
2022-02-24 01:00:00,46648000.0,46913000.0,46500000.0,46842000.0,171.32631633,8002867427.50657
2022-02-24 02:00:00,46842000.0,47067000.0,46236000.0,46322000.0,219.82923649,10274746686.16151
2022-02-24 03:00:00,46271000.0,46326000.0,45939000.0,45979000.0,227.26056729,10476429255.99603
2022-02-24 04:00:00,45979000.0,46096000.0,45754000.0,45784000.0,127.27449681,5840828527.7232
2022-02-24 05:00:00,45784000.0,45961000.0,45576000.0,45849000.0,133.41367901,6106064292.13948
2022-02-24 06:00:00,45878000.0,46096000.0,45614000.0,45779000.0,128.27036032,5881410139.24648
2022-02-24 07:00:00,45744000.0,45924000.0,45293000.0,45922000.0,270.79660709,12349502340.80313
2022-02-24 08:00:00,45922000.0,46000000.0,45297000.0,45543000.0,349.97388336,15943351211.97261
2022-02-24 09:00:00,45483000.0,45779000.0,44961000.0,44965000.0,497.47199965,22540132620.46069
2022-02-24 10:00:00,44965000.0,45267000.0,44907000.0,45169000.0,295.88555216,13334302021.8475
2022-02-24 11:00:00,45169000.0,45270000.0,44039000.0,44083000.0,459.73312344,20578119611.85751
2022-02-24 12:00:00,44080000.0,44083000.0,43058000.0,43117000.0,2343.39784575,101966365566.47485
2022-02-24 13:00:00,43119000.0,43564000.0,42751000.0,43258000.0,1301.60806836,56147911492.27558
2022-02-24 14:00:00,43258000.0,43300000.0,42580000.0,42960000.0,1022.07953306,43877389152.60667
2022-02-24 15:00:00,42966000.0,43427000.0,42961000.0,43079000.0,861.2918795,37176186737.34691
2022-02-24 16:00:00,43079000.0,43767000.0,42796000.0,43558000.0,1010.23754182,43615310875.81303
2022-02-24 17:00:00,43558000.0,44282000.0,43500000.0,43887000.0,789.86583053,34638543056.8344
2022-02-24 18:00:00,43901000.0,44341000.0,43632000.0,43717000.0,623.31581267,27419793687.5977
2022-02-24 19:00:00,43651000.0,43941000.0,43134000.0,43444000.0,773.14903031,33618421165.43798
2022-02-24 20:00:00,43486000.0,43900000.0,43200000.0,43757000.0,618.59926309,26880038509.12231
2022-02-24 21:00:00,43723000.0,43770000.0,43300000.0,43507000.0,497.49868843,21637772952.59925
2022-02-24 22:00:00,43568000.0,43924000.0,43406000.0,43743000.0,596.84430623,26076309016.1526
2022-02-24 23:00:00,43743000.0,44230000.0,43508000.0,43920000.0,358.31695814,15704710751.03078
2022-02-25 00:00:00,43920000.0,44495000.0,43700000.0,44271000.0,378.99940608,16723136603.13574
2022-02-25 01:00:00,44246000.0,44648000.0,44121000.0,44460000.0,317.21063328,14096680810.39039
2022-02-25 02:00:00,44476000.0,44489000.0,44032000.0,44160000.0,78.27747913,3461392400.69869
2022-02-25 03:00:00,44160000.0,45000000.0,44113000.0,44658000.0,176.48884854,7877872137.11096
2022-02-25 04:00:00,44658000.0,45625000.0,44489000.0,45605000.0,398.55717215,17996430092.93336
2022-02-25 05:00:00,45601000.0,48000000.0,45532000.0,46921000.0,1000.72406783,47111534718.19231
2022-02-25 06:00:00,46921000.0,47081000.0,46650000.0,46902000.0,322.33857878,15108901754.18614
2022-02-25 07:00:00,46930000.0,47002000.0,46204000.0,46300000.0,352.41590781,16431547855.71096
2022-02-25 08:00:00,46285000.0,46990000.0,46272000.0,46927000.0,286.75173819,13409489855.97171
2022-02-25 09:00:00,46854000.0,47414000.0,46631000.0,46662000.0,482.77267365,22685156846.972
2022-02-25 10:00:00,46662000.0,47450000.0,46555000.0,47094000.0,660.41063332,31087720754.31932
2022-02-25 11:00:00,47084000.0,47295000.0,47049000.0,47286000.0,324.72103816,15311130296.64595
2022-02-25 12:00:00,47286000.0,47472000.0,47037000.0,47430000.0,344.77233676,16290837913.52926
2022-02-25 13:00:00,47431000.0,47431000.0,47172000.0,47271000.0,230.39504226,10898094839.49512
2022-02-25 14:00:00,47271000.0,47297000.0,46730000.0,46908000.0,257.03433975,12079065009.14553
2022-02-25 15:00:00,46905000.0,47245000.0,46800000.0,47156000.0,239.21135575,11249763044.19666
2022-02-25 16:00:00,47156000.0,47270000.0,46864000.0,46976000.0,185.24944231,8708957635.29734
2022-02-25 17:00:00,46976000.0,47024000.0,46600000.0,46923000.0,278.87049495,13054929512.17601
2022-02-25 18:00:00,46939000.0,47262000.0,46555000.0,47237000.0,347.41019547,16275010720.10758
2022-02-25 19:00:00,47237000.0,47300000.0,47075000.0,47159000.0,218.45680458,10308925260.95504
2022-02-25 20:00:00,47175000.0,47550000.0,46931000.0,47489000.0,332.04762367,15689177039.24355
2022-02-25 21:00:00,47517000.0,48080000.0,47505000.0,48020000.0,845.31982604,40395015289.94404
2022-02-25 22:00:00,48018000.0,48500000.0,47945000.0,48093000.0,833.63391343,40214318249.5737
2022-02-25 23:00:00,48098000.0,48224000.0,47677000.0,47715000.0,351.03313085,16828797982.906
2022-02-26 00:00:00,47747000.0,48250000.0,47220000.0,48133000.0,521.80867799,24900166276.16736
2022-02-26 01:00:00,48133000.0,48260000.0,47873000.0,48078000.0,184.42782241,8863198855.49903
2022-02-26 02:00:00,48088000.0,48088000.0,47560000.0,47619000.0,145.15128674,6931038531.85183
2022-02-26 03:00:00,47640000.0,47703000.0,47200000.0,47291000.0,138.81880735,6575900191.80102
2022-02-26 04:00:00,47291000.0,47602000.0,47151000.0,47225000.0,102.50981227,4851648817.55113
2022-02-26 05:00:00,47244000.0,47887000.0,47200000.0,47756000.0,104.38035479,4960978676.71972
2022-02-26 06:00:00,47756000.0,47925000.0,47627000.0,47627000.0,89.6738316,4279999572.40284
2022-02-26 07:00:00,47627000.0,48056000.0,47460000.0,47998000.0,203.03699637,9699838084.19052
2022-02-26 08:00:00,47998000.0,48150000.0,47792000.0,47831000.0,324.21735794,15553100188.2736
2022-02-26 09:00:00,47830000.0,49010000.0,47760000.0,48380000.0,871.32715796,42169851412.99173
2022-02-26 10:00:00,48379000.0,48494000.0,48150000.0,48341000.0,401.76612687,19424933740.12619
2022-02-26 11:00:00,48341000.0,48413000.0,48140000.0,48189000.0,202.5559176,9781566730.85891
2022-02-26 12:00:00,48188000.0,48208000.0,47833000.0,47993000.0,259.32223143,12448567954.41156
2022-02-26 13:00:00,47997000.0,48096000.0,47908000.0,47942000.0,176.62878297,8479117851.0423
2022-02-26 14:00:00,47943000.0,47970000.0,47460000.0,47475000.0,302.83232943,14440146469.99629
2022-02-26 15:00:00,47480000.0,47850000.0,47450000.0,47680000.0,184.54505053,8792185776.25348
2022-02-26 16:00:00,47680000.0,47887000.0,47523000.0,47864000.0,142.11831775,6780816804.97431
2022-02-26 17:00:00,47865000.0,48103000.0,47267000.0,47360000.0,328.1995368,15653771978.54131
2022-02-26 18:00:00,47352000.0,47517000.0,47200000.0,47327000.0,184.93083392,8760629508.91446
2022-02-26 19:00:00,47323000.0,47732000.0,47322000.0,47658000.0,111.19062293,5288716087.31172
2022-02-26 20:00:00,47658000.0,47800000.0,47500000.0,47657000.0,122.85442961,5851499320.48787
2022-02-26 21:00:00,47657000.0,47734000.0,47477000.0,47644000.0,96.61776807,4596863457.56485
2022-02-26 22:00:00,47643000.0,47920000.0,47642000.0,47710000.0,161.01805167,7694918218.88992
2022-02-26 23:00:00,47730000.0,48050000.0,47678000.0,47885000.0,135.00255089,6457837702.64256
2022-02-27 00:00:00,47885000.0,47997000.0,47807000.0,47861000.0,104.6310499,5011071529.34181
2022-02-27 01:00:00,47863000.0,47920000.0,47698000.0,47822000.0,81.27518984,3887227403.0225
2022-02-27 02:00:00,47822000.0,47993000.0,47743000.0,47978000.0,49.1965406,2355051615.39908
2022-02-27 03:00:00,47979000.0,47988000.0,47511000.0,47818000.0,53.77351965,2565402505.17905
2022-02-27 04:00:00,47818000.0,48089000.0,47762000.0,47913000.0,45.52290404,2181342254.82796
2022-02-27 05:00:00,47939000.0,48115000.0,47913000.0,47999000.0,39.43900787,1894323596.45398
2022-02-27 06:00:00,47999000.0,48330000.0,47955000.0,48044000.0,122.07293671,5878516416.3076
2022-02-27 07:00:00,48086000.0,48090000.0,47800000.0,47866000.0,84.87598378,4069649145.32921
2022-02-27 08:00:00,47910000.0,47938000.0,47684000.0,47809000.0,150.64005522,7197923822.33084
2022-02-27 09:00:00,47850000.0,48030000.0,47500000.0,47560000.0,307.76370821,14674997805.75593
2022-02-27 10:00:00,47560000.0,47628000.0,46900000.0,46900000.0,510.01285889,24034207880.92834
2022-02-27 11:00:00,46901000.0,47287000.0,46868000.0,47235000.0,195.75096608,9217967203.98657
2022-02-27 12:00:00,47238000.0,47416000.0,47233000.0,47302000.0,112.54941502,5327170307.27692
2022-02-27 13:00:00,47331000.0,47350000.0,47160000.0,47203000.0,95.10223455,4495716351.26845
2022-02-27 14:00:00,47229000.0,47434000.0,47150000.0,47314000.0,95.56950897,4519650709.00428
2022-02-27 15:00:00,47311000.0,47560000.0,47270000.0,47522000.0,85.71326699,4062448036.07234
2022-02-27 16:00:00,47522000.0,47588000.0,47407000.0,47570000.0,84.29034475,4006379935.30989
2022-02-27 17:00:00,47570000.0,47599000.0,47336000.0,47522000.0,208.91198896,9926383844.08755
2022-02-27 18:00:00,47522000.0,47887000.0,47449000.0,47887000.0,134.27652209,6405796745.11807
2022-02-27 19:00:00,47886000.0,48150000.0,47659000.0,48087000.0,263.06792143,12609938509.67859
2022-02-27 20:00:00,48087000.0,48249000.0,47960000.0,48179000.0,243.5080486,11717655105.65617
2022-02-27 21:00:00,48188000.0,48576000.0,48025000.0,48482000.0,298.24708481,14418308447.16719
2022-02-27 22:00:00,48495000.0,48535000.0,47218000.0,47720000.0,617.65415872,29534726065.62236
2022-02-27 23:00:00,47784000.0,47890000.0,47282000.0,47413000.0,266.05979252,12657041658.80042
2022-02-28 00:00:00,47427000.0,48120000.0,47353000.0,47960000.0,326.08953399,15569876579.56684
2022-02-28 01:00:00,47960000.0,48032000.0,47575000.0,47655000.0,166.62006638,7957811492.0948
2022-02-28 02:00:00,47655000.0,47774000.0,47458000.0,47462000.0,160.3230974,7622821546.50781
2022-02-28 03:00:00,47507000.0,47776000.0,47431000.0,47568000.0,99.33350187,4729008821.49714
2022-02-28 04:00:00,47590000.0,47704000.0,46270000.0,46356000.0,460.79205961,21627947348.57697
2022-02-28 05:00:00,46337000.0,47074000.0,46132000.0,46732000.0,276.6991826,12866148509.30878
2022-02-28 06:00:00,46732000.0,46872000.0,45695000.0,46156000.0,391.25167042,18036670456.42132
2022-02-28 07:00:00,46156000.0,46700000.0,46101000.0,46490000.0,229.52042195,10651870954.37118
2022-02-28 08:00:00,46485000.0,46490000.0,46031000.0,46358000.0,250.40798589,11589085930.13675
2022-02-28 09:00:00,46363000.0,46525000.0,46086000.0,46204000.0,292.53627267,13549370713.75621
2022-02-28 10:00:00,46204000.0,47241000.0,46204000.0,46687000.0,273.72413183,12817516861.42811
2022-02-28 11:00:00,46706000.0,46880000.0,46255000.0,46546000.0,209.02706649,9733909796.52334
2022-02-28 12:00:00,46545000.0,46625000.0,46358000.0,46471000.0,215.45342621,10018874121.01313
2022-02-28 13:00:00,46500000.0,46723000.0,46435000.0,46475000.0,138.43197264,6442947105.63888
2022-02-28 14:00:00,46499000.0,46691000.0,46355000.0,46432000.0,154.30566358,7178092784.7964
2022-02-28 15:00:00,46432000.0,46778000.0,46105000.0,46619000.0,260.56574364,12107115980.97612
2022-02-28 16:00:00,46619000.0,47091000.0,46540000.0,46977000.0,247.52369685,11596140161.88072
2022-02-28 17:00:00,46977000.0,47314000.0,46732000.0,46931000.0,266.13091344,12512177565.12553
2022-02-28 18:00:00,46932000.0,47186000.0,46776000.0,46779000.0,144.60412577,6795004505.38276
2022-02-28 19:00:00,46774000.0,47100000.0,46682000.0,46963000.0,155.16616162,7276395907.22988
2022-02-28 20:00:00,46972000.0,47119000.0,46770000.0,46950000.0,90.6761273,4255686553.48505
2022-02-28 21:00:00,46950000.0,47302000.0,46800000.0,46929000.0,201.83203242,9502017020.5696
2022-02-28 22:00:00,46857000.0,46995000.0,46565000.0,46692000.0,210.00967572,9818130322.63928
2022-02-28 23:00:00,46703000.0,48669000.0,46660000.0,48612000.0,988.00861316,47321209318.28139
2022-03-01 00:00:00,48612000.0,49719000.0,48334000.0,49638000.0,1358.00214496,66761276906.42864
2022-03-01 01:00:00,49638000.0,50124000.0,49375000.0,49720000.0,1134.89226192,56499709960.38715
2022-03-01 02:00:00,49704000.0,50124000.0,49399000.0,50124000.0,409.76908591,20373853965.52276
2022-03-01 03:00:00,50124000.0,50266000.0,49851000.0,49982000.0,301.6457841,15112337923.23018
2022-03-01 04:00:00,49982000.0,50220000.0,49874000.0,50180000.0,153.68503372,7695328736.05846
2022-03-01 05:00:00,50176000.0,50900000.0,50123000.0,50829000.0,338.2847115,17097380588.11945
2022-03-01 06:00:00,50869000.0,50873000.0,50320000.0,50580000.0,303.47991374,15336576282.6258
2022-03-01 07:00:00,50573000.0,53089000.0,50504000.0,52050000.0,1542.23447851,80563056610.46002
2022-03-01 08:00:00,52001000.0,52596000.0,51824000.0,52332000.0,956.19034773,49981343467.29235
2022-03-01 09:00:00,52332000.0,52940000.0,52115000.0,52700000.0,1049.54304239,55174654913.56257
2022-03-01 10:00:00,52700000.0,52743000.0,52115000.0,52499000.0,752.20568852,39443115254.54087
2022-03-01 11:00:00,52463000.0,52599000.0,52034000.0,52298000.0,494.73418502,25845777426.40371
2022-03-01 12:00:00,52289000.0,52392000.0,52004000.0,52352000.0,284.87909985,14874527874.00215
2022-03-01 13:00:00,52352000.0,52632000.0,52327000.0,52579000.0,214.70868533,11264068628.69693
2022-03-01 14:00:00,52579000.0,52600000.0,52321000.0,52449000.0,168.25278618,8828751393.8552
2022-03-01 15:00:00,52449000.0,52729000.0,52345000.0,52709000.0,238.99672554,12558263234.91072
2022-03-01 16:00:00,52702000.0,52790000.0,52551000.0,52759000.0,171.02515857,9015443420.04012
2022-03-01 17:00:00,52759000.0,52976000.0,52668000.0,52875000.0,300.30099275,15865686608.86349
2022-03-01 18:00:00,52875000.0,52890000.0,52412000.0,52590000.0,236.82475179,12469746314.65543
2022-03-01 19:00:00,52559000.0,52881000.0,52196000.0,52868000.0,340.12922512,17847454271.16001
2022-03-01 20:00:00,52874000.0,53120000.0,52757000.0,53031000.0,475.68196964,25194986115.89042
2022-03-01 21:00:00,53030000.0,54500000.0,53016000.0,54437000.0,2087.26811396,112501481624.52058
2022-03-01 22:00:00,54437000.0,54777000.0,53814000.0,53818000.0,1272.19341936,69096266988.78925
2022-03-01 23:00:00,53817000.0,54199000.0,53004000.0,53178000.0,966.40033832,51807927114.23125
2022-03-02 00:00:00,53178000.0,53500000.0,52650000.0,53045000.0,542.50386841,28811784607.14027
2022-03-02 01:00:00,53045000.0,53376000.0,52681000.0,52896000.0,333.45400805,17649853153.11987
2022-03-02 02:00:00,52875000.0,53210000.0,52781000.0,52944000.0,136.40772619,7219796611.38198
2022-03-02 03:00:00,52975000.0,53200000.0,52818000.0,53086000.0,81.27909997,4308688004.088
2022-03-02 04:00:00,53086000.0,53336000.0,52934000.0,52989000.0,98.83251048,5249800688.59084
2022-03-02 05:00:00,52978000.0,53427000.0,52971000.0,53424000.0,78.31381651,4169305127.68556
2022-03-02 06:00:00,53424000.0,53607000.0,53098000.0,53287000.0,149.3891512,7970335080.42452
2022-03-02 07:00:00,53287000.0,53739000.0,53192000.0,53668000.0,176.72670762,9450506913.81633
2022-03-02 08:00:00,53668000.0,53961000.0,53509000.0,53790000.0,249.45573829,13399184295.81035
2022-03-02 09:00:00,53789000.0,54261000.0,53240000.0,53698000.0,600.01223551,32237330484.94019
2022-03-02 10:00:00,53699000.0,53896000.0,53222000.0,53430000.0,321.87171718,17204446292.32632
2022-03-02 11:00:00,53450000.0,53800000.0,53233000.0,53770000.0,201.30429019,10772268448.88303
2022-03-02 12:00:00,53770000.0,53900000.0,53462000.0,53640000.0,400.47368138,21508092257.31301
2022-03-02 13:00:00,53639000.0,53845000.0,53565000.0,53656000.0,493.98962729,26551786613.03406
2022-03-02 14:00:00,53648000.0,53742000.0,53455000.0,53677000.0,212.65307869,11400727396.44881
2022-03-02 15:00:00,53677000.0,53743000.0,53247000.0,53280000.0,247.60530711,13245197491.9667
2022-03-02 16:00:00,53280000.0,53314000.0,52789000.0,53298000.0,647.43794109,34350230302.99396
2022-03-02 17:00:00,53298000.0,53722000.0,52971000.0,53331000.0,461.10068999,24630691285.81935
2022-03-02 18:00:00,53331000.0,53640000.0,53199000.0,53365000.0,249.30816301,13312577741.16472
2022-03-02 19:00:00,53365000.0,53699000.0,53353000.0,53574000.0,187.42137578,10035980897.7001
2022-03-02 20:00:00,53574000.0,53661000.0,53400000.0,53480000.0,158.5864381,8491853921.64555
2022-03-02 21:00:00,53481000.0,53700000.0,53250000.0,53450000.0,206.33855413,11030589825.58898
2022-03-02 22:00:00,53449000.0,53482000.0,52824000.0,53074000.0,606.92461188,32213344888.24972
2022-03-02 23:00:00,53079000.0,54380000.0,53020000.0,54347000.0,686.09838579,36991678020.61504
2022-03-03 00:00:00,54347000.0,54829000.0,53402000.0,53715000.0,999.0788752,54024096624.95344
2022-03-03 01:00:00,53711000.0,54105000.0,53603000.0,53801000.0,192.97650451,10396293720.81458
2022-03-03 02:00:00,53826000.0,53953000.0,53300000.0,53325000.0,142.91864852,7667068558.39096
2022-03-03 03:00:00,53323000.0,53491000.0,53087000.0,53141000.0,123.43583811,6578387831.46682
2022-03-03 04:00:00,53140000.0,53360000.0,53013000.0,53250000.0,89.63439093,4767255032.79793
2022-03-03 05:00:00,53250000.0,53477000.0,53200000.0,53386000.0,51.42610775,2744246715.8485
2022-03-03 06:00:00,53386000.0,53650000.0,53340000.0,53599000.0,77.46137141,4136875324.57484
2022-03-03 07:00:00,53599000.0,53890000.0,53500000.0,53696000.0,161.72076042,8682207572.2323
2022-03-03 08:00:00,53697000.0,53734000.0,53350000.0,53359000.0,132.01779481,7069237405.00223
2022-03-03 09:00:00,53359000.0,53600000.0,53139000.0,53473000.0,238.24620152,12708656275.04762
2022-03-03 10:00:00,53521000.0,53528000.0,53185000.0,53272000.0,164.93443707,8797949039.79808
2022-03-03 11:00:00,53272000.0,53351000.0,53150000.0,53281000.0,177.61464207,9457194688.56391
2022-03-03 12:00:00,53266000.0,53330000.0,52678000.0,52838000.0,431.82864139,22864702723.99121
2022-03-03 13:00:00,52838000.0,52958000.0,52800000.0,52910000.0,357.4422152,18898947067.15394
2022-03-03 14:00:00,52910000.0,52999000.0,52756000.0,52850000.0,175.91600177,9302873576.20933
2022-03-03 15:00:00,52850000.0,52893000.0,52527000.0,52849000.0,387.31192965,20410661965.77741
2022-03-03 16:00:00,52849000.0,53110000.0,52822000.0,52963000.0,129.22152474,6842286318.23506
2022-03-03 17:00:00,52963000.0,53125000.0,52838000.0,53013000.0,144.2233075,7646420358.36635
2022-03-03 18:00:00,53013000.0,53020000.0,52680000.0,52693000.0,152.46620031,8059014680.09997
2022-03-03 19:00:00,52685000.0,53068000.0,52682000.0,52876000.0,125.91474939,6650920868.781
2022-03-03 20:00:00,52876000.0,53125000.0,52799000.0,52978000.0,118.61063057,6285109416.86945
2022-03-03 21:00:00,52978000.0,53380000.0,52852000.0,53191000.0,179.24969986,9528229795.59191
2022-03-03 22:00:00,53191000.0,53680000.0,53101000.0,53630000.0,326.94255003,17444958452.79757
2022-03-03 23:00:00,53630000.0,53710000.0,52947000.0,53052000.0,315.42360458,16839191241.92158
2022-03-04 00:00:00,53053000.0,53167000.0,51897000.0,52124000.0,652.99586158,34231107745.22131
2022-03-04 01:00:00,52124000.0,52296000.0,51800000.0,51864000.0,295.57196407,15376740924.23686
2022-03-04 02:00:00,51964000.0,52208000.0,51529000.0,51907000.0,291.40239946,15098352955.60434
2022-03-04 03:00:00,51951000.0,52143000.0,51733000.0,51771000.0,139.45078396,7242758997.96621
2022-03-04 04:00:00,51810000.0,51933000.0,51543000.0,51618000.0,88.22782683,4564885827.40138
2022-03-04 05:00:00,51628000.0,51749000.0,51300000.0,51443000.0,220.20904766,11340497792.36356
2022-03-04 06:00:00,51443000.0,51595000.0,51219000.0,51492000.0,220.61540301,11333479932.79329
2022-03-04 07:00:00,51492000.0,52194000.0,51480000.0,51966000.0,223.11318378,11592104314.00886
2022-03-04 08:00:00,51957000.0,52079000.0,51834000.0,51842000.0,113.39293058,5886660791.14417
2022-03-04 09:00:00,51875000.0,51952000.0,50900000.0,50952000.0,638.58338516,32766915812.19854
2022-03-04 10:00:00,50952000.0,51051000.0,50476000.0,50910000.0,709.57917905,36017256912.45239
2022-03-04 11:00:00,50910000.0,50911000.0,50519000.0,50652000.0,261.92345254,13268308403.9206
2022-03-04 12:00:00,50608000.0,50846000.0,50526000.0,50822000.0,212.36070219,10762034152.68001
2022-03-04 13:00:00,50822000.0,50822000.0,50484000.0,50739000.0,239.27596469,12111573910.75342
2022-03-04 14:00:00,50740000.0,50822000.0,50577000.0,50718000.0,171.23344997,8686913057.79495
2022-03-04 15:00:00,50718000.0,50897000.0,50700000.0,50760000.0,164.01318657,8334419408.52413
2022-03-04 16:00:00,50791000.0,50851000.0,50619000.0,50841000.0,215.01744749,10904904719.46991
2022-03-04 17:00:00,50835000.0,51301000.0,50427000.0,51020000.0,721.0854727,36643115543.19612
2022-03-04 18:00:00,51041000.0,51301000.0,50802000.0,50913000.0,277.35994711,14169178684.84107
2022-03-04 19:00:00,50913000.0,51266000.0,50853000.0,51136000.0,179.86550387,9187877620.75685
2022-03-04 20:00:00,51136000.0,51415000.0,51053000.0,51222000.0,179.21869467,9179382032.46911
2022-03-04 21:00:00,51222000.0,51334000.0,50880000.0,51009000.0,189.89236739,9694241823.56613
2022-03-04 22:00:00,51034000.0,51379000.0,50758000.0,50860000.0,217.82480442,11109326124.90534
2022-03-04 23:00:00,50835000.0,51080000.0,50179000.0,50597000.0,479.48224856,24222542781.48132
2022-03-05 00:00:00,50592000.0,50700000.0,50100000.0,50166000.0,419.86854649,21113401068.30491
2022-03-05 01:00:00,50166000.0,50324000.0,49951000.0,50197000.0,338.64803463,16966058142.42305
2022-03-05 02:00:00,50197000.0,50412000.0,50100000.0,50297000.0,108.12570724,5430994755.13069
2022-03-05 03:00:00,50280000.0,50340000.0,50000000.0,50014000.0,84.01895292,4215307934.84555
2022-03-05 04:00:00,50088000.0,50119000.0,49140000.0,49223000.0,398.74994307,19773109082.92932
2022-03-05 05:00:00,49224000.0,49300000.0,48520000.0,48960000.0,670.39729392,32793956806.87376
2022-03-05 06:00:00,48945000.0,49225000.0,48650000.0,48860000.0,260.14732436,12715611480.86941
2022-03-05 07:00:00,48860000.0,48982000.0,48071000.0,48481000.0,656.65816618,31796582199.25688
2022-03-05 08:00:00,48498000.0,48638000.0,48343000.0,48450000.0,408.39721203,19786613082.43441
2022-03-05 09:00:00,48450000.0,48522000.0,47911000.0,47912000.0,881.28910996,42470760778.56171
2022-03-05 10:00:00,47945000.0,48355000.0,47814000.0,48208000.0,594.97441419,28638879602.12399
2022-03-05 11:00:00,48208000.0,48289000.0,47956000.0,48087000.0,434.50977116,20897191547.23458
2022-03-05 12:00:00,48087000.0,48517000.0,48011000.0,48387000.0,288.34654504,13945230152.46947
2022-03-05 13:00:00,48387000.0,48460000.0,48023000.0,48133000.0,233.08170861,11234857680.07563
2022-03-05 14:00:00,48133000.0,48264000.0,48000000.0,48264000.0,152.10800914,7317557322.50846
2022-03-05 15:00:00,48262000.0,48367000.0,48198000.0,48234000.0,162.72302639,7856533814.6993
2022-03-05 16:00:00,48234000.0,48399000.0,48178000.0,48326000.0,153.34548583,7409664172.57451
2022-03-05 17:00:00,48326000.0,48451000.0,48280000.0,48394000.0,168.01136749,8124470341.92688
2022-03-05 18:00:00,48395000.0,48399000.0,48200000.0,48215000.0,143.63405393,6933094916.36561
2022-03-05 19:00:00,48215000.0,48390000.0,48082000.0,48337000.0,183.87449942,8869473404.9722
2022-03-05 20:00:00,48337000.0,48547000.0,48327000.0,48430000.0,221.13862395,10714045620.21538
2022-03-05 21:00:00,48430000.0,48636000.0,48430000.0,48432000.0,203.57992926,9874112335.38287
2022-03-05 22:00:00,48432000.0,48454000.0,48198000.0,48332000.0,207.98361279,10051964352.04387
2022-03-05 23:00:00,48328000.0,48430000.0,48201000.0,48405000.0,130.97167038,6328372131.06383
