Date,Price,Returns
2014-10-01,188500.0,
2014-10-02,180000.0,-0.04509283819628651
2014-10-06,184500.0,0.02499999999999991
2014-10-07,182000.0,-0.013550135501354976
2014-10-08,178000.0,-0.02197802197802201
2014-10-10,178000.0,0.0
2014-10-13,178500.0,0.002808988764045006
2014-10-14,176000.0,-0.014005602240896309
2014-10-15,175000.0,-0.005681818181818232
2014-10-16,168000.0,-0.040000000000000036
2014-10-17,162000.0,-0.0357142857142857
2014-10-20,169000.0,0.043209876543209846
2014-10-21,167000.0,-0.011834319526627168
2014-10-22,161500.0,-0.03293413173652693
2014-10-23,171000.0,0.05882352941176472
2014-10-24,172500.0,0.00877192982456143
2014-10-27,176000.0,0.020289855072463725
2014-10-28,173500.0,-0.014204545454545414
2014-10-29,173500.0,0.0
2014-10-30,172000.0,-0.008645533141210415
2014-10-31,170000.0,-0.011627906976744207
2014-11-03,160000.0,-0.05882352941176472
2014-11-04,155000.0,-0.03125
2014-11-05,151000.0,-0.02580645161290318
2014-11-06,158500.0,0.04966887417218535
2014-11-07,162000.0,0.02208201892744488
2014-11-10,166500.0,0.02777777777777768
2014-11-11,176000.0,0.05705705705705699
2014-11-12,176000.0,0.0
2014-11-13,178500.0,0.014204545454545414
2014-11-14,177000.0,-0.008403361344537785
2014-11-17,177500.0,0.0028248587570620654
2014-11-18,177500.0,0.0
2014-11-19,171500.0,-0.033802816901408406
2014-11-20,167000.0,-0.026239067055393583
2014-11-21,165000.0,-0.0119760479041916
2014-11-24,171500.0,0.039393939393939315
2014-11-25,174000.0,0.014577259475218707
2014-11-26,174500.0,0.002873563218390718
2014-11-27,180500.0,0.034383954154727725
2014-11-28,179000.0,-0.008310249307479256
2014-12-01,182000.0,0.016759776536312776
2014-12-02,176500.0,-0.030219780219780223
2014-12-03,177500.0,0.0056657223796034994
2014-12-04,185000.0,0.04225352112676051
2014-12-05,188000.0,0.016216216216216273
2014-12-08,185500.0,-0.013297872340425565
2014-12-09,181500.0,-0.021563342318059342
2014-12-10,180000.0,-0.008264462809917328
2014-12-11,178000.0,-0.011111111111111072
2014-12-12,178500.0,0.002808988764045006
2014-12-15,174500.0,-0.022408963585434205
2014-12-16,174500.0,0.0
2014-12-17,169000.0,-0.03151862464183386
2014-12-18,167500.0,-0.00887573964497046
2014-12-19,170000.0,0.014925373134328401
2014-12-22,171000.0,0.00588235294117645
2014-12-23,171500.0,0.0029239766081872176
2014-12-24,175000.0,0.020408163265306145
2014-12-26,174500.0,-0.0028571428571428914
2014-12-29,171500.0,-0.017191977077363862
2014-12-30,169000.0,-0.014577259475218707
2015-01-02,169000.0,0.0
2015-01-05,168000.0,-0.00591715976331364
2015-01-06,164500.0,-0.02083333333333337
2015-01-07,170000.0,0.033434650455927084
2015-01-08,178000.0,0.04705882352941182
2015-01-09,180000.0,0.011235955056179803
2015-01-12,177500.0,-0.01388888888888884
2015-01-13,179500.0,0.011267605633802802
2015-01-14,177500.0,-0.011142061281337101
2015-01-15,174500.0,-0.016901408450704203
2015-01-16,171000.0,-0.02005730659025784
2015-01-19,172500.0,0.00877192982456143
2015-01-20,173500.0,0.005797101449275255
2015-01-21,171500.0,-0.011527377521613813
2015-01-22,168000.0,-0.020408163265306145
2015-01-23,168000.0,0.0
2015-01-26,164500.0,-0.02083333333333337
2015-01-27,164000.0,-0.003039513677811523
2015-01-28,165500.0,0.009146341463414531
2015-01-29,167000.0,0.009063444108761365
2015-01-30,169500.0,0.014970059880239583
2015-02-02,171000.0,0.008849557522123908
2015-02-03,166000.0,-0.0292397660818714
2015-02-04,166500.0,0.003012048192771122
2015-02-05,166000.0,-0.0030030030030030463
2015-02-06,163500.0,-0.015060240963855387
2015-02-09,157500.0,-0.03669724770642202
2015-02-10,156500.0,-0.006349206349206327
2015-02-11,157000.0,0.0031948881789136685
2015-02-12,155000.0,-0.01273885350318471
2015-02-13,158000.0,0.019354838709677358
2015-02-16,158000.0,0.0
2015-02-17,162500.0,0.028481012658227778
2015-02-23,162000.0,-0.003076923076923088
2015-02-24,162500.0,0.0030864197530864335
2015-02-25,164000.0,0.009230769230769154
2015-02-26,163500.0,-0.0030487804878048808
2015-02-27,160500.0,-0.01834862385321101
2015-03-02,161500.0,0.006230529595015577
2015-03-03,166500.0,0.030959752321981338
2015-03-04,163500.0,-0.018018018018018056
2015-03-05,167500.0,0.024464831804281273
2015-03-06,173000.0,0.032835820895522394
2015-03-09,169000.0,-0.023121387283236983
2015-03-10,173000.0,0.023668639053254337
2015-03-11,176500.0,0.020231213872832443
2015-03-12,172000.0,-0.025495750708215303
2015-03-13,172000.0,0.0
2015-03-16,175500.0,0.02034883720930236
2015-03-17,182000.0,0.03703703703703698
2015-03-18,182000.0,0.0
2015-03-19,184000.0,0.01098901098901095
2015-03-20,181000.0,-0.016304347826086918
2015-03-23,179000.0,-0.011049723756906049
2015-03-24,175000.0,-0.022346368715083775
2015-03-25,170000.0,-0.02857142857142858
2015-03-26,169000.0,-0.00588235294117645
2015-03-27,167500.0,-0.00887573964497046
2015-03-30,167000.0,-0.0029850746268657025
2015-03-31,168500.0,0.008982035928143617
2015-04-01,164000.0,-0.02670623145400597
2015-04-02,164000.0,0.0
2015-04-03,166000.0,0.012195121951219523
2015-04-06,162000.0,-0.02409638554216864
2015-04-07,161500.0,-0.0030864197530864335
2015-04-08,161000.0,-0.003095975232198178
2015-04-09,161500.0,0.0031055900621117516
2015-04-10,167500.0,0.037151702786377694
2015-04-13,167000.0,-0.0029850746268657025
2015-04-14,171000.0,0.0239520958083832
2015-04-15,170000.0,-0.005847953216374324
2015-04-16,169000.0,-0.00588235294117645
2015-04-17,170000.0,0.00591715976331364
2015-04-20,174500.0,0.026470588235294024
2015-04-21,171000.0,-0.02005730659025784
2015-04-22,170000.0,-0.005847953216374324
2015-04-23,175500.0,0.032352941176470695
2015-04-24,177500.0,0.01139601139601143
2015-04-27,176000.0,-0.008450704225352101
2015-04-28,172500.0,-0.019886363636363646
2015-04-29,171000.0,-0.008695652173912993
2015-04-30,169000.0,-0.011695906432748537
2015-05-04,172000.0,0.01775147928994092
2015-05-06,171500.0,-0.0029069767441860517
2015-05-07,173000.0,0.008746355685131268
2015-05-08,173000.0,0.0
2015-05-11,169500.0,-0.020231213872832332
2015-05-12,169000.0,-0.002949852507374673
2015-05-13,166000.0,-0.017751479289940808
2015-05-14,164000.0,-0.012048192771084376
2015-05-15,163500.0,-0.0030487804878048808
2015-05-18,162500.0,-0.006116207951070374
2015-05-19,162500.0,0.0
2015-05-20,162500.0,0.0
2015-05-21,159500.0,-0.018461538461538418
2015-05-22,162500.0,0.018808777429467183
2015-05-26,160000.0,-0.01538461538461533
2015-05-27,157000.0,-0.018750000000000044
2015-05-28,156000.0,-0.006369426751592355
2015-05-29,158000.0,0.012820512820512775
2015-06-01,154500.0,-0.022151898734177222
2015-06-02,138500.0,-0.1035598705501618
2015-06-03,135500.0,-0.02166064981949456
2015-06-04,139000.0,0.02583025830258312
2015-06-05,137500.0,-0.010791366906474864
2015-06-08,134500.0,-0.021818181818181848
2015-06-09,135500.0,0.0074349442379182396
2015-06-10,134500.0,-0.0073800738007380184
2015-06-11,138000.0,0.026022304832713727
2015-06-12,136000.0,-0.01449275362318836
2015-06-15,136500.0,0.003676470588235281
2015-06-16,137000.0,0.00366300366300365
2015-06-17,136000.0,-0.007299270072992692
2015-06-18,131500.0,-0.03308823529411764
2015-06-19,130000.0,-0.011406844106463865
2015-06-22,132000.0,0.01538461538461533
2015-06-23,131000.0,-0.007575757575757569
2015-06-24,133000.0,0.01526717557251911
2015-06-25,132000.0,-0.007518796992481258
2015-06-26,135000.0,0.022727272727272707
2015-06-29,134500.0,-0.0037037037037036535
2015-06-30,136000.0,0.011152416356877248
2015-07-01,136500.0,0.003676470588235281
2015-07-02,135500.0,-0.0073260073260073
2015-07-03,135000.0,-0.0036900369003689537
2015-07-06,133000.0,-0.014814814814814836
2015-07-07,131500.0,-0.011278195488721776
2015-07-08,128000.0,-0.026615969581749055
2015-07-09,127000.0,-0.0078125
2015-07-10,124000.0,-0.023622047244094446
2015-07-13,125500.0,0.012096774193548487
2015-07-14,125500.0,0.0
2015-07-15,126500.0,0.007968127490039834
2015-07-16,127000.0,0.0039525691699604515
2015-07-17,123500.0,-0.027559055118110187
2015-07-20,124000.0,0.004048582995951344
2015-07-21,133000.0,0.07258064516129026
2015-07-22,131000.0,-0.015037593984962405
2015-07-23,138000.0,0.05343511450381677
2015-07-24,139000.0,0.007246376811594235
2015-07-27,145000.0,0.043165467625899234
2015-07-28,145000.0,0.0
2015-07-29,146000.0,0.006896551724137945
2015-07-30,150000.0,0.027397260273972712
2015-07-31,149000.0,-0.00666666666666671
2015-08-03,143500.0,-0.03691275167785235
2015-08-04,144000.0,0.0034843205574912606
2015-08-05,145500.0,0.01041666666666674
2015-08-06,139500.0,-0.04123711340206182
2015-08-07,138000.0,-0.010752688172043001
2015-08-10,140000.0,0.01449275362318847
2015-08-11,139000.0,-0.0071428571428571175
2015-08-12,146000.0,0.050359712230215736
2015-08-13,144500.0,-0.010273972602739767
2015-08-14,144500.0,0.0
2015-08-17,143500.0,-0.00692041522491349
2015-08-18,146500.0,0.020905923344947785
2015-08-19,148000.0,0.010238907849829282
2015-08-20,149000.0,0.006756756756756799
2015-08-21,146000.0,-0.020134228187919434
2015-08-24,142500.0,-0.023972602739726012
2015-08-25,147500.0,0.03508771929824572
2015-08-26,150000.0,0.016949152542372836
2015-08-27,147000.0,-0.020000000000000018
2015-08-28,144000.0,-0.020408163265306145
2015-08-31,149000.0,0.03472222222222232
2015-09-01,146500.0,-0.016778523489932917
2015-09-02,151500.0,0.03412969283276457
2015-09-03,152000.0,0.0033003300330032292
2015-09-04,150000.0,-0.013157894736842146
2015-09-07,152000.0,0.01333333333333342
2015-09-08,156500.0,0.02960526315789469
2015-09-09,155500.0,-0.006389776357827448
2015-09-10,156500.0,0.006430868167202508
2015-09-11,156000.0,-0.0031948881789137795
2015-09-14,154500.0,-0.009615384615384581
2015-09-15,156500.0,0.012944983818770295
2015-09-16,163000.0,0.04153354632587858
2015-09-17,163500.0,0.0030674846625766694
2015-09-18,165500.0,0.012232415902140747
2015-09-21,159000.0,-0.0392749244712991
2015-09-22,164000.0,0.03144654088050314
2015-09-23,157000.0,-0.04268292682926833
2015-09-24,158000.0,0.006369426751592355
2015-09-25,162000.0,0.025316455696202445
2015-09-30,164000.0,0.012345679012345734
2015-10-01,168000.0,0.024390243902439046
2015-10-02,167000.0,-0.005952380952380931
2015-10-05,164000.0,-0.017964071856287456
2015-10-06,158000.0,-0.03658536585365857
2015-10-07,160500.0,0.015822784810126667
2015-10-08,162000.0,0.009345794392523255
2015-10-12,159500.0,-0.015432098765432056
2015-10-13,163500.0,0.02507836990595602
2015-10-14,163000.0,-0.003058103975535187
2015-10-15,162500.0,-0.0030674846625766694
2015-10-16,161000.0,-0.009230769230769265
2015-10-19,161000.0,0.0
2015-10-20,162500.0,0.009316770186335477
2015-10-21,163000.0,0.003076923076922977
2015-10-22,162000.0,-0.006134969325153339
2015-10-23,158000.0,-0.024691358024691357
2015-10-26,159000.0,0.006329113924050667
2015-10-27,159000.0,0.0
2015-10-28,155500.0,-0.022012578616352196
2015-10-29,153500.0,-0.012861736334405127
2015-10-30,156000.0,0.016286644951140072
2015-11-02,158500.0,0.01602564102564097
2015-11-03,162500.0,0.025236593059936974
2015-11-04,165500.0,0.01846153846153853
2015-11-05,165500.0,0.0
2015-11-06,164500.0,-0.0060422960725075026
2015-11-09,165000.0,0.003039513677811634
2015-11-10,162500.0,-0.015151515151515138
2015-11-11,163000.0,0.003076923076922977
2015-11-12,160500.0,-0.015337423312883458
2015-11-13,156500.0,-0.024922118380062308
2015-11-16,158000.0,0.009584664536741228
2015-11-17,157000.0,-0.006329113924050667
2015-11-18,158000.0,0.006369426751592355
2015-11-19,159500.0,0.009493670886076
2015-11-20,158000.0,-0.009404388714733591
2015-11-23,157000.0,-0.006329113924050667
2015-11-24,155000.0,-0.01273885350318471
2015-11-25,151500.0,-0.022580645161290325
2015-11-26,152500.0,0.0066006600660066805
2015-11-27,151000.0,-0.00983606557377048
2015-11-30,147500.0,-0.023178807947019875
2015-12-01,153000.0,0.03728813559322042
2015-12-02,152000.0,-0.006535947712418277
2015-12-03,153000.0,0.006578947368421018
2015-12-04,151500.0,-0.009803921568627416
2015-12-07,150500.0,-0.0066006600660065695
2015-12-08,150000.0,-0.0033222591362126463
2015-12-09,151500.0,0.010000000000000009
2015-12-10,151500.0,0.0
2015-12-11,148500.0,-0.01980198019801982
2015-12-14,150500.0,0.013468013468013407
2015-12-15,151500.0,0.006644518272425293
2015-12-16,153000.0,0.00990099009900991
2015-12-17,155500.0,0.016339869281045694
2015-12-18,154000.0,-0.009646302250803873
2015-12-21,152000.0,-0.012987012987012991
2015-12-22,153000.0,0.006578947368421018
2015-12-23,151500.0,-0.009803921568627416
2015-12-24,151500.0,0.0
2015-12-28,151000.0,-0.0033003300330033403
2015-12-29,149000.0,-0.013245033112582738
2015-12-30,149000.0,0.0
2016-01-04,144000.0,-0.03355704697986572
2016-01-05,143500.0,-0.00347222222222221
2016-01-06,140000.0,-0.024390243902439046
2016-01-07,137500.0,-0.017857142857142905
2016-01-08,136500.0,-0.0072727272727273196
2016-01-11,140000.0,0.02564102564102555
2016-01-12,139500.0,-0.0035714285714285587
2016-01-13,140500.0,0.007168458781362075
2016-01-14,141000.0,0.003558718861210064
2016-01-15,138500.0,-0.01773049645390068
2016-01-18,139000.0,0.0036101083032491488
2016-01-19,140000.0,0.007194244604316502
2016-01-20,136500.0,-0.025000000000000022
2016-01-21,137000.0,0.00366300366300365
2016-01-22,139000.0,0.014598540145985384
2016-01-25,137500.0,-0.010791366906474864
2016-01-26,136000.0,-0.010909090909090868
2016-01-27,137000.0,0.007352941176470562
2016-01-28,135000.0,-0.014598540145985384
2016-01-29,133000.0,-0.014814814814814836
2016-02-01,132500.0,-0.003759398496240629
2016-02-02,129500.0,-0.02264150943396226
2016-02-03,129000.0,-0.0038610038610038533
2016-02-04,132500.0,0.027131782945736482
2016-02-05,133500.0,0.007547169811320753
2016-02-11,131000.0,-0.01872659176029967
2016-02-12,137000.0,0.04580152671755733
2016-02-15,139500.0,0.018248175182481674
2016-02-16,141000.0,0.010752688172043001
2016-02-17,147000.0,0.042553191489361764
2016-02-18,147000.0,0.0
2016-02-19,149000.0,0.013605442176870763
2016-02-22,147500.0,-0.010067114093959773
2016-02-23,149000.0,0.01016949152542379
2016-02-24,149000.0,0.0
2016-02-25,147000.0,-0.01342281879194629
2016-02-26,147000.0,0.0
2016-02-29,147500.0,0.00340136054421758
2016-03-02,150000.0,0.016949152542372836
2016-03-03,147500.0,-0.01666666666666672
2016-03-04,147500.0,0.0
2016-03-07,146500.0,-0.006779661016949157
2016-03-08,148000.0,0.010238907849829282
2016-03-09,149500.0,0.010135135135135087
2016-03-10,148000.0,-0.010033444816053505
2016-03-11,149000.0,0.006756756756756799
2016-03-14,148500.0,-0.003355704697986628
2016-03-15,147000.0,-0.010101010101010055
2016-03-16,146500.0,-0.003401360544217691
2016-03-17,146500.0,0.0
2016-03-18,150500.0,0.027303754266211566
2016-03-21,154500.0,0.02657807308970095
2016-03-22,159000.0,0.029126213592232997
2016-03-23,158000.0,-0.0062893081761006275
2016-03-24,155500.0,-0.015822784810126556
2016-03-25,153000.0,-0.01607717041800638
2016-03-28,154000.0,0.006535947712418277
2016-03-29,155000.0,0.006493506493506551
2016-03-30,155500.0,0.003225806451612856
2016-03-31,152500.0,-0.019292604501607746
2016-04-01,149500.0,-0.01967213114754096
2016-04-04,144000.0,-0.03678929765886285
2016-04-05,144500.0,0.003472222222222321
2016-04-06,144000.0,-0.0034602076124568004
2016-04-07,146500.0,0.01736111111111116
2016-04-08,146000.0,-0.0034129692832765013
2016-04-11,146000.0,0.0
2016-04-12,148500.0,0.017123287671232834
2016-04-14,152000.0,0.023569023569023573
2016-04-15,151500.0,-0.003289473684210509
2016-04-18,154000.0,0.01650165016501659
2016-04-19,153000.0,-0.00649350649350644
2016-04-20,151500.0,-0.009803921568627416
2016-04-21,154000.0,0.01650165016501659
2016-04-22,151000.0,-0.01948051948051943
2016-04-25,149500.0,-0.009933774834437137
2016-04-26,153500.0,0.026755852842809347
2016-04-27,149000.0,-0.02931596091205213
2016-04-28,148000.0,-0.006711409395973145
2016-04-29,143500.0,-0.030405405405405372
2016-05-02,142500.0,-0.006968641114982632
2016-05-03,142500.0,0.0
2016-05-04,139000.0,-0.024561403508771895
2016-05-09,135500.0,-0.025179856115107868
2016-05-10,139500.0,0.029520295202952074
2016-05-11,139000.0,-0.0035842293906810374
2016-05-12,136500.0,-0.017985611510791366
2016-05-13,135000.0,-0.01098901098901095
2016-05-16,135500.0,0.0037037037037037646
2016-05-17,134500.0,-0.0073800738007380184
2016-05-18,133000.0,-0.01115241635687736
2016-05-19,134500.0,0.011278195488721776
2016-05-20,132000.0,-0.018587360594795488
2016-05-23,133000.0,0.007575757575757569
2016-05-24,133500.0,0.003759398496240518
2016-05-25,135000.0,0.011235955056179803
2016-05-26,135000.0,0.0
2016-05-27,136000.0,0.007407407407407307
2016-05-30,136500.0,0.003676470588235281
2016-05-31,139500.0,0.0219780219780219
2016-06-01,138000.0,-0.010752688172043001
2016-06-02,138000.0,0.0
2016-06-03,138500.0,0.0036231884057971175
2016-06-07,139500.0,0.0072202166064982976
2016-06-08,139500.0,0.0
2016-06-09,139000.0,-0.0035842293906810374
2016-06-10,139000.0,0.0
2016-06-13,135500.0,-0.025179856115107868
2016-06-14,138500.0,0.022140221402213944
2016-06-15,135500.0,-0.02166064981949456
2016-06-16,134500.0,-0.0073800738007380184
2016-06-17,134500.0,0.0
2016-06-20,136500.0,0.014869888475836479
2016-06-21,138000.0,0.01098901098901095
2016-06-22,140000.0,0.01449275362318847
2016-06-23,141000.0,0.0071428571428571175
2016-06-24,139500.0,-0.010638297872340385
2016-06-27,141500.0,0.014336917562723928
2016-06-28,139000.0,-0.017667844522968212
2016-06-29,139000.0,0.0
2016-06-30,135500.0,-0.025179856115107868
2016-07-01,137000.0,0.011070110701107083
2016-07-04,137000.0,0.0
2016-07-05,135000.0,-0.014598540145985384
2016-07-06,130000.0,-0.03703703703703709
2016-07-07,131000.0,0.007692307692307665
2016-07-08,130500.0,-0.003816793893129722
2016-07-11,131000.0,0.003831417624521105
2016-07-12,132000.0,0.007633587786259444
2016-07-13,135500.0,0.026515151515151603
2016-07-14,131500.0,-0.029520295202952074
2016-07-15,133000.0,0.011406844106463865
2016-07-18,132000.0,-0.007518796992481258
2016-07-19,130000.0,-0.015151515151515138
2016-07-20,129500.0,-0.0038461538461538325
2016-07-21,130000.0,0.0038610038610038533
2016-07-22,129000.0,-0.007692307692307665
2016-07-25,135500.0,0.050387596899224896
2016-07-26,136000.0,0.0036900369003689537
2016-07-27,137000.0,0.007352941176470562
2016-07-28,136000.0,-0.007299270072992692
2016-07-29,132000.0,-0.02941176470588236
2016-08-01,135500.0,0.026515151515151603
2016-08-02,134000.0,-0.011070110701106972
2016-08-03,132000.0,-0.014925373134328401
2016-08-04,130500.0,-0.011363636363636354
2016-08-05,133000.0,0.019157088122605304
2016-08-08,133000.0,0.0
2016-08-09,136500.0,0.026315789473684292
2016-08-10,134000.0,-0.01831501831501836
2016-08-11,134500.0,0.003731343283582156
2016-08-12,136000.0,0.011152416356877248
2016-08-16,133000.0,-0.022058823529411797
2016-08-17,135000.0,0.015037593984962516
2016-08-18,132500.0,-0.01851851851851849
2016-08-19,132500.0,0.0
2016-08-22,132000.0,-0.0037735849056603765
2016-08-23,132500.0,0.0037878787878788955
2016-08-24,135500.0,0.02264150943396226
2016-08-25,136500.0,0.007380073800737907
2016-08-26,135500.0,-0.0073260073260073
2016-08-29,134000.0,-0.011070110701106972
2016-08-30,132500.0,-0.011194029850746245
2016-08-31,133000.0,0.0037735849056603765
2016-09-01,131500.0,-0.011278195488721776
2016-09-02,135000.0,0.026615969581748944
2016-09-05,139000.0,0.029629629629629672
2016-09-06,139500.0,0.003597122302158251
2016-09-07,139000.0,-0.0035842293906810374
2016-09-08,139000.0,0.0
2016-09-09,139500.0,0.003597122302158251
2016-09-12,138500.0,-0.007168458781361964
2016-09-13,138500.0,0.0
2016-09-19,137000.0,-0.010830324909747335
2016-09-20,138500.0,0.010948905109489093
2016-09-21,138000.0,-0.0036101083032491488
2016-09-22,138000.0,0.0
2016-09-23,142000.0,0.02898550724637672
2016-09-26,140500.0,-0.010563380281690127
2016-09-27,141500.0,0.007117437722419906
2016-09-28,138500.0,-0.021201413427561877
2016-09-29,139500.0,0.0072202166064982976
2016-09-30,135500.0,-0.028673835125448077
2016-10-04,139000.0,0.02583025830258312
2016-10-05,140000.0,0.007194244604316502
2016-10-06,139000.0,-0.0071428571428571175
2016-10-07,136500.0,-0.017985611510791366
2016-10-10,133500.0,-0.02197802197802201
2016-10-11,134500.0,0.0074906367041198685
2016-10-12,136500.0,0.014869888475836479
2016-10-13,134000.0,-0.01831501831501836
2016-10-14,133000.0,-0.007462686567164201
2016-10-17,133000.0,0.0
2016-10-18,134500.0,0.011278195488721776
2016-10-19,133000.0,-0.01115241635687736
2016-10-20,132000.0,-0.007518796992481258
2016-10-21,133500.0,0.011363636363636465
2016-10-24,134500.0,0.0074906367041198685
2016-10-25,138000.0,0.026022304832713727
2016-10-26,137500.0,-0.0036231884057971175
2016-10-27,138000.0,0.0036363636363636598
2016-10-28,140500.0,0.018115942028985588
2016-10-31,140000.0,-0.003558718861209953
2016-11-01,141500.0,0.010714285714285676
2016-11-02,139500.0,-0.014134275618374548
2016-11-03,136500.0,-0.021505376344086002
2016-11-04,136000.0,-0.00366300366300365
2016-11-07,137000.0,0.007352941176470562
2016-11-08,138500.0,0.010948905109489093
2016-11-09,134000.0,-0.032490974729241895
2016-11-10,129000.0,-0.03731343283582089
2016-11-11,131500.0,0.019379844961240345
2016-11-14,132000.0,0.0038022813688212143
2016-11-15,130500.0,-0.011363636363636354
2016-11-16,131000.0,0.003831417624521105
2016-11-17,132000.0,0.007633587786259444
2016-11-18,129500.0,-0.018939393939393923
2016-11-21,133500.0,0.030888030888030826
2016-11-22,133500.0,0.0
2016-11-23,134000.0,0.0037453183520599342
2016-11-24,135000.0,0.00746268656716409
2016-11-25,136000.0,0.007407407407407307
2016-11-28,135000.0,-0.007352941176470562
2016-11-29,134500.0,-0.0037037037037036535
2016-11-30,133000.0,-0.01115241635687736
2016-12-01,132000.0,-0.007518796992481258
2016-12-02,133500.0,0.011363636363636465
2016-12-05,134000.0,0.0037453183520599342
2016-12-06,136500.0,0.018656716417910557
2016-12-07,136500.0,0.0
2016-12-08,142000.0,0.04029304029304037
2016-12-09,144000.0,0.014084507042253502
2016-12-12,144500.0,0.003472222222222321
2016-12-13,145000.0,0.0034602076124568004
2016-12-14,143500.0,-0.010344827586206917
2016-12-15,142000.0,-0.010452961672473893
2016-12-16,139500.0,-0.017605633802816878
2016-12-19,142000.0,0.017921146953405076
2016-12-20,143500.0,0.010563380281690238
2016-12-21,143500.0,0.0
2016-12-22,142000.0,-0.010452961672473893
2016-12-23,144000.0,0.014084507042253502
2016-12-26,144500.0,0.003472222222222321
2016-12-27,144500.0,0.0
2016-12-28,143500.0,-0.00692041522491349
2016-12-29,146000.0,0.017421602787456525
2017-01-02,150000.0,0.027397260273972712
2017-01-03,153000.0,0.020000000000000018
2017-01-04,154000.0,0.006535947712418277
2017-01-05,153500.0,-0.0032467532467532756
2017-01-06,151000.0,-0.016286644951140072
2017-01-09,150500.0,-0.0033112582781457123
2017-01-10,152000.0,0.009966777408637828
2017-01-11,148500.0,-0.023026315789473673
2017-01-12,148000.0,-0.0033670033670033517
2017-01-13,149000.0,0.006756756756756799
2017-01-16,150500.0,0.010067114093959662
2017-01-17,153500.0,0.019933554817275656
2017-01-18,154000.0,0.0032573289902280145
2017-01-19,152000.0,-0.012987012987012991
2017-01-20,153000.0,0.006578947368421018
2017-01-23,149000.0,-0.02614379084967322
2017-01-24,146500.0,-0.016778523489932917
2017-01-25,142000.0,-0.030716723549488067
2017-01-26,142500.0,0.0035211267605634866
2017-01-31,139500.0,-0.021052631578947323
2017-02-01,139500.0,0.0
2017-02-02,136000.0,-0.02508960573476704
2017-02-03,137500.0,0.011029411764705843
2017-02-06,136500.0,-0.0072727272727273196
2017-02-07,139000.0,0.01831501831501825
2017-02-08,139000.0,0.0
2017-02-09,140000.0,0.007194244604316502
2017-02-10,141000.0,0.0071428571428571175
2017-02-13,139500.0,-0.010638297872340385
2017-02-14,140000.0,0.0035842293906809264
2017-02-15,145500.0,0.03928571428571437
2017-02-16,150500.0,0.03436426116838498
2017-02-17,150500.0,0.0
2017-02-20,150000.0,-0.0033222591362126463
2017-02-21,151000.0,0.006666666666666599
2017-02-22,149500.0,-0.009933774834437137
2017-02-23,146000.0,-0.02341137123745818
2017-02-24,148000.0,0.013698630136986356
2017-02-27,148500.0,0.0033783783783782884
2017-02-28,149500.0,0.006734006734006703
2017-03-02,148500.0,-0.006688963210702337
2017-03-03,142000.0,-0.043771043771043794
2017-03-06,145000.0,0.021126760563380254
2017-03-07,144000.0,-0.006896551724137945
2017-03-08,144500.0,0.003472222222222321
2017-03-09,145000.0,0.0034602076124568004
2017-03-10,146000.0,0.006896551724137945
2017-03-13,146000.0,0.0
2017-03-14,149000.0,0.020547945205479534
2017-03-15,149500.0,0.003355704697986628
2017-03-16,151500.0,0.013377926421404673
2017-03-17,151500.0,0.0
2017-03-20,156500.0,0.03300330033003296
2017-03-21,170000.0,0.08626198083067083
2017-03-22,170000.0,0.0
2017-03-23,165000.0,-0.02941176470588236
2017-03-24,164000.0,-0.0060606060606061
2017-03-27,162000.0,-0.012195121951219523
2017-03-28,160000.0,-0.012345679012345734
2017-03-29,156000.0,-0.025000000000000022
2017-03-30,158500.0,0.01602564102564097
2017-03-31,157500.0,-0.006309148264984188
2017-04-03,156500.0,-0.006349206349206327
2017-04-04,152000.0,-0.028753993610223683
2017-04-05,150000.0,-0.013157894736842146
2017-04-06,148000.0,-0.013333333333333308
2017-04-07,144500.0,-0.023648648648648685
2017-04-10,146000.0,0.01038062283737018
2017-04-11,142500.0,-0.023972602739726012
2017-04-12,141500.0,-0.007017543859649145
2017-04-13,142500.0,0.007067137809187329
2017-04-14,142500.0,0.0
2017-04-17,144000.0,0.010526315789473717
2017-04-18,141000.0,-0.02083333333333337
2017-04-19,137000.0,-0.028368794326241176
2017-04-20,141500.0,0.03284671532846706
2017-04-21,141500.0,0.0
2017-04-24,141500.0,0.0
2017-04-25,144500.0,0.021201413427561766
2017-04-26,151000.0,0.04498269896193774
2017-04-27,147000.0,-0.026490066225165587
2017-04-28,144000.0,-0.020408163265306145
2017-05-02,151000.0,0.04861111111111116
2017-05-04,152000.0,0.0066225165562914245
2017-05-08,158000.0,0.03947368421052633
2017-05-10,156500.0,-0.009493670886076
2017-05-11,157500.0,0.006389776357827559
2017-05-12,155000.0,-0.015873015873015928
2017-05-15,154000.0,-0.006451612903225823
2017-05-16,157500.0,0.022727272727272707
2017-05-17,158500.0,0.006349206349206327
2017-05-18,165000.0,0.04100946372239744
2017-05-19,170000.0,0.030303030303030276
2017-05-22,170000.0,0.0
2017-05-23,170000.0,0.0
2017-05-24,164000.0,-0.03529411764705881
2017-05-25,165000.0,0.0060975609756097615
2017-05-26,163500.0,-0.009090909090909038
2017-05-29,162000.0,-0.00917431192660545
2017-05-30,164000.0,0.012345679012345734
2017-05-31,163000.0,-0.0060975609756097615
2017-06-01,165500.0,0.015337423312883347
2017-06-02,163000.0,-0.015105740181268867
2017-06-05,161500.0,-0.009202453987730008
2017-06-07,159000.0,-0.015479876160990669
2017-06-08,160000.0,0.0062893081761006275
2017-06-09,160000.0,0.0
2017-06-12,162500.0,0.015625
2017-06-13,164500.0,0.012307692307692353
2017-06-14,169000.0,0.02735562310030404
2017-06-15,163000.0,-0.035502958579881616
2017-06-16,165000.0,0.012269938650306678
2017-06-19,167000.0,0.0121212121212122
2017-06-20,166500.0,-0.0029940119760478723
2017-06-21,160500.0,-0.036036036036036
2017-06-22,161500.0,0.006230529595015577
2017-06-23,164000.0,0.015479876160990669
2017-06-26,164000.0,0.0
2017-06-27,160500.0,-0.021341463414634165
2017-06-28,160000.0,-0.0031152647975077885
2017-06-29,161000.0,0.006250000000000089
2017-06-30,159500.0,-0.009316770186335366
2017-07-03,163500.0,0.02507836990595602
2017-07-04,158500.0,-0.030581039755351647
2017-07-05,156000.0,-0.01577287066246058
2017-07-06,155500.0,-0.0032051282051281937
2017-07-07,151500.0,-0.025723472668810254
2017-07-10,148000.0,-0.02310231023102305
2017-07-11,148000.0,0.0
2017-07-12,149000.0,0.006756756756756799
2017-07-13,149000.0,0.0
2017-07-14,154000.0,0.033557046979865834
2017-07-17,150500.0,-0.022727272727272707
2017-07-18,148000.0,-0.01661129568106312
2017-07-19,148500.0,0.0033783783783782884
2017-07-20,148000.0,-0.0033670033670033517
2017-07-21,147500.0,-0.0033783783783783994
2017-07-24,145000.0,-0.016949152542372836
2017-07-25,146000.0,0.006896551724137945
2017-07-26,148000.0,0.013698630136986356
2017-07-27,146500.0,-0.010135135135135087
2017-07-28,149500.0,0.020477815699658786
2017-07-31,145000.0,-0.030100334448160515
2017-08-01,145500.0,0.0034482758620688614
2017-08-02,147500.0,0.013745704467353903
2017-08-03,148500.0,0.006779661016949046
2017-08-04,150000.0,0.010101010101010166
2017-08-07,148000.0,-0.013333333333333308
2017-08-08,144000.0,-0.027027027027026973
2017-08-09,146000.0,0.01388888888888884
2017-08-10,145000.0,-0.006849315068493178
2017-08-11,142000.0,-0.020689655172413834
2017-08-14,144500.0,0.01760563380281699
2017-08-16,144500.0,0.0
2017-08-17,144000.0,-0.0034602076124568004
2017-08-18,144500.0,0.003472222222222321
2017-08-21,148000.0,0.02422145328719716
2017-08-22,147000.0,-0.006756756756756799
2017-08-23,146500.0,-0.003401360544217691
2017-08-24,143500.0,-0.020477815699658675
2017-08-25,144500.0,0.006968641114982521
2017-08-28,144500.0,0.0
2017-08-29,144000.0,-0.0034602076124568004
2017-08-30,143000.0,-0.00694444444444442
2017-08-31,140500.0,-0.0174825174825175
2017-09-01,143000.0,0.017793594306049876
2017-09-04,140000.0,-0.020979020979020935
2017-09-05,138000.0,-0.014285714285714235
2017-09-06,136000.0,-0.01449275362318836
2017-09-07,138000.0,0.014705882352941124
2017-09-08,135500.0,-0.018115942028985477
2017-09-11,135000.0,-0.0036900369003689537
2017-09-12,136000.0,0.007407407407407307
2017-09-13,134000.0,-0.014705882352941124
2017-09-14,137000.0,0.02238805970149249
2017-09-15,136500.0,-0.0036496350364964014
2017-09-18,137000.0,0.00366300366300365
2017-09-19,140000.0,0.021897810218978186
2017-09-20,142000.0,0.014285714285714235
2017-09-21,141500.0,-0.0035211267605633756
2017-09-25,141000.0,-0.0035335689045936647
2017-09-26,141000.0,0.0
2017-09-27,147500.0,0.046099290780141855
2017-09-28,147000.0,-0.003389830508474523
2017-09-29,150500.0,0.023809523809523725
2017-10-10,151000.0,0.0033222591362125353
2017-10-11,155000.0,0.026490066225165476
2017-10-12,156500.0,0.00967741935483879
2017-10-13,154500.0,-0.012779552715655007
2017-10-16,153000.0,-0.009708737864077666
2017-10-17,149500.0,-0.022875816993464082
2017-10-18,150500.0,0.006688963210702337
2017-10-19,151500.0,0.006644518272425293
2017-10-20,151500.0,0.0
2017-10-23,151500.0,0.0
2017-10-24,151000.0,-0.0033003300330033403
2017-10-25,148500.0,-0.01655629139072845
2017-10-26,159500.0,0.07407407407407418
2017-10-27,158500.0,-0.006269592476489061
2017-10-30,156000.0,-0.01577287066246058
2017-10-31,161000.0,0.03205128205128216
2017-11-01,160500.0,-0.0031055900621117516
2017-11-02,160000.0,-0.0031152647975077885
2017-11-03,161500.0,0.009374999999999911
2017-11-06,158500.0,-0.018575851393188847
2017-11-07,155000.0,-0.02208201892744477
2017-11-08,155000.0,0.0
2017-11-09,155500.0,0.003225806451612856
2017-11-10,154500.0,-0.006430868167202619
2017-11-13,160500.0,0.03883495145631066
2017-11-14,160500.0,0.0
2017-11-15,161500.0,0.006230529595015577
2017-11-16,159500.0,-0.012383900928792602
2017-11-17,157000.0,-0.01567398119122254
2017-11-20,156500.0,-0.0031847133757961776
2017-11-21,157000.0,0.0031948881789136685
2017-11-22,155000.0,-0.01273885350318471
2017-11-23,157000.0,0.012903225806451646
2017-11-24,159000.0,0.01273885350318471
2017-11-27,158500.0,-0.0031446540880503138
2017-11-28,157000.0,-0.009463722397476393
2017-11-29,160500.0,0.022292993630573354
2017-11-30,164500.0,0.024922118380062308
2017-12-01,161500.0,-0.018237082066869248
2017-12-04,160500.0,-0.006191950464396245
2017-12-05,161500.0,0.006230529595015577
2017-12-06,162000.0,0.003095975232198178
2017-12-07,161500.0,-0.0030864197530864335
2017-12-08,158500.0,-0.018575851393188847
2017-12-11,150000.0,-0.05362776025236593
2017-12-12,150000.0,0.0
2017-12-13,151500.0,0.010000000000000009
2017-12-14,150500.0,-0.0066006600660065695
2017-12-15,154000.0,0.023255813953488413
2017-12-18,154000.0,0.0
2017-12-19,153000.0,-0.00649350649350644
2017-12-21,150000.0,-0.019607843137254943
2017-12-22,153000.0,0.020000000000000018
2017-12-26,154000.0,0.006535947712418277
2017-12-27,156500.0,0.016233766233766156
2017-12-28,156000.0,-0.0031948881789137795
2018-01-02,149500.0,-0.04166666666666663
2018-01-03,150500.0,0.006688963210702337
2018-01-04,146500.0,-0.02657807308970095
2018-01-05,149000.0,0.017064846416382284
2018-01-08,151000.0,0.01342281879194629
2018-01-09,152500.0,0.009933774834437026
2018-01-10,155500.0,0.01967213114754096
2018-01-11,155000.0,-0.003215434083601254
2018-01-12,154000.0,-0.006451612903225823
2018-01-15,155000.0,0.006493506493506551
2018-01-16,158000.0,0.019354838709677358
2018-01-17,157500.0,-0.0031645569620253333
2018-01-18,155000.0,-0.015873015873015928
2018-01-19,162000.0,0.04516129032258065
2018-01-22,162500.0,0.0030864197530864335
2018-01-23,161000.0,-0.009230769230769265
2018-01-24,156500.0,-0.02795031055900621
2018-01-25,158500.0,0.012779552715654896
2018-01-26,152500.0,-0.03785488958990535
2018-01-29,154500.0,0.013114754098360715
2018-01-30,156000.0,0.009708737864077666
2018-01-31,162000.0,0.03846153846153855
2018-02-01,160500.0,-0.0092592592592593
2018-02-02,162500.0,0.012461059190031154
2018-02-05,159000.0,-0.021538461538461506
2018-02-06,157500.0,-0.009433962264150941
2018-02-07,157500.0,0.0
2018-02-08,161000.0,0.022222222222222143
2018-02-09,155000.0,-0.037267080745341574
2018-02-12,154000.0,-0.006451612903225823
2018-02-13,152500.0,-0.009740259740259716
2018-02-14,154500.0,0.013114754098360715
2018-02-19,155000.0,0.003236245954692629
2018-02-20,153500.0,-0.009677419354838679
2018-02-21,160000.0,0.04234527687296419
2018-02-22,157000.0,-0.018750000000000044
2018-02-23,159000.0,0.01273885350318471
2018-02-26,161000.0,0.012578616352201255
2018-02-27,161000.0,0.0
2018-02-28,161500.0,0.0031055900621117516
2018-03-02,156000.0,-0.034055727554179516
2018-03-05,153000.0,-0.019230769230769273
2018-03-06,157000.0,0.02614379084967311
2018-03-07,152500.0,-0.0286624203821656
2018-03-08,154500.0,0.013114754098360715
2018-03-09,154000.0,-0.003236245954692518
2018-03-12,153500.0,-0.0032467532467532756
2018-03-13,153500.0,0.0
2018-03-14,156000.0,0.016286644951140072
2018-03-15,157500.0,0.009615384615384581
2018-03-16,157500.0,0.0
2018-03-19,151500.0,-0.03809523809523807
2018-03-20,152500.0,0.0066006600660066805
2018-03-21,154500.0,0.013114754098360715
2018-03-22,152500.0,-0.012944983818770184
2018-03-23,151500.0,-0.006557377049180357
2018-03-26,149500.0,-0.01320132013201325
2018-03-27,154000.0,0.030100334448160515
2018-03-28,151500.0,-0.016233766233766267
2018-03-29,143500.0,-0.05280528052805278
2018-03-30,143500.0,0.0
2018-04-02,148500.0,0.03484320557491283
2018-04-03,152000.0,0.023569023569023573
2018-04-04,156500.0,0.02960526315789469
2018-04-05,154000.0,-0.015974440894568676
2018-04-06,152500.0,-0.009740259740259716
2018-04-09,151000.0,-0.00983606557377048
2018-04-10,151000.0,0.0
2018-04-11,150000.0,-0.0066225165562914245
2018-04-12,152000.0,0.01333333333333342
2018-04-13,150500.0,-0.009868421052631526
2018-04-16,153000.0,0.01661129568106312
2018-04-17,157500.0,0.02941176470588225
2018-04-18,158500.0,0.006349206349206327
2018-04-19,158000.0,-0.003154574132492094
2018-04-20,160000.0,0.012658227848101333
2018-04-23,159500.0,-0.0031250000000000444
2018-04-24,162500.0,0.018808777429467183
2018-04-25,164000.0,0.009230769230769154
2018-04-26,156500.0,-0.04573170731707321
2018-04-27,158000.0,0.009584664536741228
2018-04-30,160000.0,0.012658227848101333
2018-05-02,160000.0,0.0
2018-05-03,160000.0,0.0
2018-05-04,158000.0,-0.012499999999999956
2018-05-08,156000.0,-0.012658227848101222
2018-05-09,153500.0,-0.01602564102564108
2018-05-10,152000.0,-0.009771986970684043
2018-05-11,153000.0,0.006578947368421018
2018-05-14,151000.0,-0.013071895424836555
2018-05-15,148500.0,-0.01655629139072845
2018-05-16,150500.0,0.013468013468013407
2018-05-17,149500.0,-0.006644518272425293
2018-05-18,150000.0,0.0033444816053511683
2018-05-21,149000.0,-0.00666666666666671
2018-05-23,144500.0,-0.030201342281879207
2018-05-24,140000.0,-0.03114186851211076
2018-05-25,139000.0,-0.0071428571428571175
2018-05-28,138500.0,-0.003597122302158251
2018-05-29,140000.0,0.010830324909747224
2018-05-30,137500.0,-0.017857142857142905
2018-05-31,139000.0,0.01090909090909098
2018-06-01,140000.0,0.007194244604316502
2018-06-04,143000.0,0.021428571428571352
2018-06-05,142500.0,-0.0034965034965035446
2018-06-07,142500.0,0.0
2018-06-08,141000.0,-0.010526315789473717
2018-06-11,139500.0,-0.010638297872340385
2018-06-12,140500.0,0.007168458781362075
2018-06-14,135000.0,-0.039145907473309594
2018-06-15,134000.0,-0.007407407407407418
2018-06-18,135000.0,0.00746268656716409
2018-06-19,131500.0,-0.025925925925925908
2018-06-20,129500.0,-0.01520912547528519
2018-06-21,127000.0,-0.019305019305019266
2018-06-22,130000.0,0.023622047244094446
2018-06-25,129000.0,-0.007692307692307665
2018-06-26,129500.0,0.003875968992248069
2018-06-27,127500.0,-0.015444015444015413
2018-06-28,125000.0,-0.019607843137254943
2018-06-29,125500.0,0.0040000000000000036
2018-07-02,123500.0,-0.015936254980079667
2018-07-03,122000.0,-0.012145748987854255
2018-07-04,119500.0,-0.020491803278688492
2018-07-05,121500.0,0.01673640167364021
2018-07-06,123500.0,0.016460905349794164
2018-07-09,124500.0,0.00809716599190291
2018-07-10,123500.0,-0.008032128514056214
2018-07-11,121500.0,-0.01619433198380571
2018-07-12,123000.0,0.012345679012345734
2018-07-13,122500.0,-0.004065040650406471
2018-07-16,126000.0,0.02857142857142847
2018-07-17,126500.0,0.003968253968253954
2018-07-18,124000.0,-0.01976284584980237
2018-07-19,124000.0,0.0
2018-07-20,127000.0,0.024193548387096753
2018-07-23,129500.0,0.019685039370078705
2018-07-24,129500.0,0.0
2018-07-25,130500.0,0.007722007722007707
2018-07-26,130000.0,-0.003831417624521105
2018-07-27,129500.0,-0.0038461538461538325
2018-07-30,130500.0,0.007722007722007707
2018-07-31,129500.0,-0.007662835249042099
2018-08-01,128500.0,-0.007722007722007707
2018-08-02,125500.0,-0.023346303501945553
2018-08-03,124000.0,-0.01195219123505975
2018-08-06,124500.0,0.0040322580645162365
2018-08-07,125000.0,0.004016064257028162
2018-08-08,127500.0,0.020000000000000018
2018-08-09,126000.0,-0.0117647058823529
2018-08-10,126000.0,0.0
2018-08-13,123500.0,-0.019841269841269882
2018-08-14,123000.0,-0.004048582995951455
2018-08-16,126500.0,0.028455284552845628
2018-08-17,126500.0,0.0
2018-08-20,127500.0,0.007905138339920903
2018-08-21,125500.0,-0.015686274509803977
2018-08-22,126000.0,0.003984063745019917
2018-08-23,124500.0,-0.011904761904761862
2018-08-24,124500.0,0.0
2018-08-27,124000.0,-0.004016064257028162
2018-08-28,125000.0,0.008064516129032251
2018-08-29,124000.0,-0.008000000000000007
2018-08-30,123500.0,-0.0040322580645161255
2018-08-31,125000.0,0.012145748987854255
2018-09-03,125000.0,0.0
2018-09-04,126500.0,0.01200000000000001
2018-09-05,129000.0,0.01976284584980248
2018-09-06,134000.0,0.03875968992248069
2018-09-07,133000.0,-0.007462686567164201
2018-09-10,131000.0,-0.015037593984962405
2018-09-11,128000.0,-0.022900763358778664
2018-09-12,129500.0,0.01171875
2018-09-13,128500.0,-0.007722007722007707
2018-09-14,129500.0,0.0077821011673151474
2018-09-17,128500.0,-0.007722007722007707
2018-09-18,128000.0,-0.0038910505836575737
2018-09-19,126500.0,-0.01171875
2018-09-20,129000.0,0.01976284584980248
2018-09-21,129000.0,0.0
2018-09-27,130500.0,0.011627906976744207
2018-09-28,129500.0,-0.007662835249042099
2018-10-01,129000.0,-0.0038610038610038533
2018-10-02,128500.0,-0.003875968992248069
2018-10-04,124500.0,-0.0311284046692607
2018-10-05,124500.0,0.0
2018-10-08,122000.0,-0.02008032128514059
2018-10-10,120000.0,-0.016393442622950838
2018-10-11,116000.0,-0.033333333333333326
2018-10-12,115500.0,-0.004310344827586188
2018-10-15,113500.0,-0.017316017316017285
2018-10-16,116500.0,0.026431718061673992
2018-10-17,118500.0,0.01716738197424883
2018-10-18,116000.0,-0.021097046413502074
2018-10-19,115500.0,-0.004310344827586188
2018-10-22,118000.0,0.02164502164502169
2018-10-23,116500.0,-0.012711864406779627
2018-10-24,117000.0,0.0042918454935623185
2018-10-25,110000.0,-0.05982905982905984
2018-10-26,108000.0,-0.018181818181818188
2018-10-29,106000.0,-0.01851851851851849
2018-10-30,107500.0,0.014150943396226356
2018-10-31,106500.0,-0.009302325581395321
2018-11-01,108500.0,0.018779342723004744
2018-11-02,110000.0,0.01382488479262678
2018-11-05,104000.0,-0.054545454545454564
2018-11-06,107500.0,0.033653846153846256
2018-11-07,107500.0,0.0
2018-11-08,105500.0,-0.018604651162790753
2018-11-09,105000.0,-0.004739336492891044
2018-11-12,102000.0,-0.02857142857142858
2018-11-13,102500.0,0.004901960784313708
2018-11-14,101500.0,-0.009756097560975618
2018-11-15,103000.0,0.014778325123152802
2018-11-16,103000.0,0.0
2018-11-19,101500.0,-0.014563106796116498
2018-11-20,97500.0,-0.039408866995073843
2018-11-21,97800.0,0.003076923076922977
2018-11-22,92800.0,-0.05112474437627812
2018-11-23,93700.0,0.00969827586206895
2018-11-26,95100.0,0.014941302027748238
2018-11-27,101000.0,0.062039957939011625
2018-11-28,101000.0,0.0
2018-11-29,100000.0,-0.00990099009900991
2018-11-30,107000.0,0.07000000000000006
2018-12-03,108500.0,0.014018691588784993
2018-12-04,107500.0,-0.009216589861751112
2018-12-05,107500.0,0.0
2018-12-06,110500.0,0.027906976744185963
2018-12-07,111000.0,0.004524886877828038
2018-12-10,110500.0,-0.0045045045045044585
2018-12-11,111500.0,0.009049773755656076
2018-12-12,118500.0,0.06278026905829592
2018-12-13,118500.0,0.0
2018-12-14,116500.0,-0.016877637130801704
2018-12-17,116500.0,0.0
2018-12-18,118000.0,0.012875536480686733
2018-12-19,123000.0,0.04237288135593231
2018-12-20,121500.0,-0.012195121951219523
2018-12-21,122500.0,0.008230452674897082
2018-12-24,123000.0,0.004081632653061273
2018-12-26,120000.0,-0.024390243902439046
2018-12-27,118500.0,-0.012499999999999956
2018-12-28,118500.0,0.0
2019-01-02,114000.0,-0.03797468354430378
2019-01-03,116500.0,0.021929824561403466
2019-01-04,119500.0,0.025751072961373467
2019-01-07,120500.0,0.008368200836819994
2019-01-08,119500.0,-0.008298755186721962
2019-01-09,123000.0,0.029288702928870203
2019-01-10,123000.0,0.0
2019-01-11,123000.0,0.0
2019-01-14,121500.0,-0.012195121951219523
2019-01-15,127500.0,0.04938271604938271
2019-01-16,128500.0,0.007843137254901933
2019-01-17,129500.0,0.0077821011673151474
2019-01-18,131000.0,0.01158301158301156
2019-01-21,127000.0,-0.03053435114503822
2019-01-22,127500.0,0.003937007874015741
2019-01-23,129000.0,0.0117647058823529
2019-01-24,130000.0,0.007751937984496138
2019-01-25,128500.0,-0.011538461538461497
2019-01-28,126500.0,-0.015564202334630295
2019-01-29,128000.0,0.011857707509881354
2019-01-30,129500.0,0.01171875
2019-01-31,129500.0,0.0
2019-02-01,129500.0,0.0
2019-02-07,126000.0,-0.027027027027026973
2019-02-08,125500.0,-0.003968253968253954
2019-02-11,127500.0,0.015936254980079667
2019-02-12,128500.0,0.007843137254901933
2019-02-13,124500.0,-0.0311284046692607
2019-02-14,121500.0,-0.02409638554216864
2019-02-15,121000.0,-0.004115226337448541
2019-02-18,120500.0,-0.004132231404958664
2019-02-19,119500.0,-0.008298755186721962
2019-02-20,119000.0,-0.004184100418409997
2019-02-21,120000.0,0.008403361344537785
2019-02-22,121000.0,0.008333333333333304
2019-02-25,121000.0,0.0
2019-02-26,122500.0,0.012396694214876103
2019-02-27,129000.0,0.05306122448979589
2019-02-28,126500.0,-0.019379844961240345
2019-03-04,122000.0,-0.035573122529644285
2019-03-05,121500.0,-0.004098360655737654
2019-03-06,124500.0,0.024691358024691468
2019-03-07,125500.0,0.008032128514056325
2019-03-08,120000.0,-0.043824701195219085
2019-03-11,121000.0,0.008333333333333304
2019-03-12,125500.0,0.037190082644628086
2019-03-13,122500.0,-0.0239043824701195
2019-03-14,119000.0,-0.02857142857142858
2019-03-15,121000.0,0.01680672268907557
2019-03-18,124000.0,0.024793388429751984
2019-03-19,124000.0,0.0
2019-03-20,124000.0,0.0
2019-03-21,124500.0,0.0040322580645162365
2019-03-22,123500.0,-0.008032128514056214
2019-03-25,120000.0,-0.028340080971659964
2019-03-26,118500.0,-0.012499999999999956
2019-03-27,118500.0,0.0
2019-03-28,119500.0,0.00843881856540074
2019-03-29,119500.0,0.0
2019-04-01,120500.0,0.008368200836819994
2019-04-02,119000.0,-0.012448132780082943
2019-04-03,124000.0,0.04201680672268915
2019-04-04,123500.0,-0.0040322580645161255
2019-04-05,126000.0,0.020242914979757165
2019-04-08,128000.0,0.015873015873015817
2019-04-09,127000.0,-0.0078125
2019-04-10,127500.0,0.003937007874015741
2019-04-11,128000.0,0.0039215686274509665
2019-04-12,126500.0,-0.01171875
2019-04-15,125500.0,-0.007905138339920903
2019-04-16,128500.0,0.0239043824701195
2019-04-17,131000.0,0.01945525291828787
2019-04-18,134000.0,0.022900763358778553
2019-04-19,134000.0,0.0
2019-04-22,134000.0,0.0
2019-04-23,136000.0,0.014925373134328401
2019-04-24,138500.0,0.018382352941176405
2019-04-25,138000.0,-0.0036101083032491488
2019-04-26,135500.0,-0.018115942028985477
2019-04-29,139000.0,0.02583025830258312
2019-04-30,138500.0,-0.003597122302158251
2019-05-02,138500.0,0.0
2019-05-03,137500.0,-0.0072202166064981865
2019-05-07,136000.0,-0.010909090909090868
2019-05-08,135500.0,-0.003676470588235281
2019-05-09,131000.0,-0.03321033210332103
2019-05-10,130000.0,-0.007633587786259555
2019-05-13,129000.0,-0.007692307692307665
2019-05-14,128000.0,-0.007751937984496138
2019-05-15,128000.0,0.0
2019-05-16,127500.0,-0.00390625
2019-05-17,125500.0,-0.015686274509803977
2019-05-20,129000.0,0.027888446215139417
2019-05-21,127000.0,-0.015503875968992276
2019-05-22,127000.0,0.0
2019-05-23,127500.0,0.003937007874015741
2019-05-24,130500.0,0.0235294117647058
2019-05-27,135000.0,0.034482758620689724
2019-05-28,136500.0,0.011111111111111072
2019-05-29,134000.0,-0.01831501831501836
2019-05-30,135500.0,0.011194029850746245
2019-05-31,134500.0,-0.0073800738007380184
2019-06-03,138500.0,0.029739776951672958
2019-06-04,139000.0,0.0036101083032491488
2019-06-05,141000.0,0.014388489208633004
2019-06-07,140000.0,-0.007092198581560294
2019-06-10,143000.0,0.021428571428571352
2019-06-11,143500.0,0.0034965034965035446
2019-06-12,141000.0,-0.017421602787456414
2019-06-13,141000.0,0.0
2019-06-14,140500.0,-0.0035460992907800915
2019-06-17,140000.0,-0.003558718861209953
2019-06-18,141000.0,0.0071428571428571175
2019-06-19,140000.0,-0.007092198581560294
2019-06-20,140500.0,0.0035714285714285587
2019-06-21,140500.0,0.0
2019-06-24,142500.0,0.014234875444839812
2019-06-25,141500.0,-0.007017543859649145
2019-06-26,141500.0,0.0
2019-06-27,140500.0,-0.007067137809187329
2019-06-28,140000.0,-0.003558718861209953
2019-07-01,141000.0,0.0071428571428571175
2019-07-02,137000.0,-0.028368794326241176
2019-07-03,136000.0,-0.007299270072992692
2019-07-04,139000.0,0.022058823529411686
2019-07-05,141500.0,0.017985611510791477
2019-07-08,138500.0,-0.021201413427561877
2019-07-09,137500.0,-0.0072202166064981865
2019-07-10,137000.0,-0.0036363636363636598
2019-07-11,139000.0,0.014598540145985384
2019-07-12,139500.0,0.003597122302158251
2019-07-15,138000.0,-0.010752688172043001
2019-07-16,133000.0,-0.036231884057971064
2019-07-17,133500.0,0.003759398496240518
2019-07-18,134000.0,0.0037453183520599342
2019-07-19,134500.0,0.003731343283582156
2019-07-22,133000.0,-0.01115241635687736
2019-07-23,132000.0,-0.007518796992481258
2019-07-24,132500.0,0.0037878787878788955
2019-07-25,131500.0,-0.007547169811320753
2019-07-26,130500.0,-0.0076045627376425395
2019-07-29,128000.0,-0.019157088122605415
2019-07-30,128000.0,0.0
2019-07-31,126500.0,-0.01171875
2019-08-01,125500.0,-0.007905138339920903
2019-08-02,127500.0,0.015936254980079667
2019-08-05,127500.0,0.0
2019-08-06,126000.0,-0.0117647058823529
2019-08-07,127000.0,0.007936507936507908
2019-08-08,130000.0,0.023622047244094446
2019-08-09,132500.0,0.019230769230769162
2019-08-12,131000.0,-0.01132075471698113
2019-08-13,129000.0,-0.01526717557251911
2019-08-14,127500.0,-0.011627906976744207
2019-08-16,128000.0,0.0039215686274509665
2019-08-19,128000.0,0.0
2019-08-20,126500.0,-0.01171875
2019-08-21,125500.0,-0.007905138339920903
2019-08-22,124000.0,-0.01195219123505975
2019-08-23,126000.0,0.016129032258064502
2019-08-26,124500.0,-0.011904761904761862
2019-08-27,125000.0,0.004016064257028162
2019-08-28,127500.0,0.020000000000000018
2019-08-29,126500.0,-0.007843137254901933
2019-08-30,128500.0,0.015810276679841806
2019-09-02,131000.0,0.01945525291828787
2019-09-03,128500.0,-0.01908396946564883
2019-09-04,128500.0,0.0
2019-09-05,128000.0,-0.0038910505836575737
2019-09-06,127500.0,-0.00390625
2019-09-09,127000.0,-0.0039215686274509665
2019-09-10,128000.0,0.007874015748031482
2019-09-11,129000.0,0.0078125
2019-09-16,128000.0,-0.007751937984496138
2019-09-17,126000.0,-0.015625
2019-09-18,127500.0,0.011904761904761862
2019-09-19,129000.0,0.0117647058823529
2019-09-20,129500.0,0.003875968992248069
2019-09-23,133000.0,0.027027027027026973
2019-09-24,134000.0,0.007518796992481258
2019-09-25,134500.0,0.003731343283582156
2019-09-26,133000.0,-0.01115241635687736
2019-09-27,133500.0,0.003759398496240518
2019-09-30,134000.0,0.0037453183520599342
2019-10-01,132500.0,-0.011194029850746245
2019-10-02,128500.0,-0.030188679245283012
2019-10-04,126500.0,-0.015564202334630295
2019-10-07,128000.0,0.011857707509881354
2019-10-08,129500.0,0.01171875
2019-10-10,126500.0,-0.02316602316602312
2019-10-11,126000.0,-0.0039525691699604515
2019-10-14,122000.0,-0.031746031746031744
2019-10-15,122000.0,0.0
2019-10-16,123000.0,0.008196721311475308
2019-10-17,123000.0,0.0
2019-10-18,123000.0,0.0
2019-10-21,122000.0,-0.008130081300813052
2019-10-22,122000.0,0.0
2019-10-23,121000.0,-0.008196721311475419
2019-10-24,122000.0,0.008264462809917328
2019-10-25,123500.0,0.012295081967213184
2019-10-28,121500.0,-0.01619433198380571
2019-10-29,122500.0,0.008230452674897082
2019-10-30,122500.0,0.0
2019-10-31,122000.0,-0.004081632653061273
2019-11-01,124000.0,0.016393442622950838
2019-11-04,124000.0,0.0
2019-11-05,125000.0,0.008064516129032251
2019-11-06,123500.0,-0.01200000000000001
2019-11-07,123500.0,0.0
2019-11-08,124000.0,0.004048582995951344
2019-11-11,123500.0,-0.0040322580645161255
2019-11-12,125500.0,0.0161943319838056
2019-11-13,124500.0,-0.007968127490039834
2019-11-14,124500.0,0.0
2019-11-15,125500.0,0.008032128514056325
2019-11-18,126000.0,0.003984063745019917
2019-11-19,125000.0,-0.007936507936507908
2019-11-20,124500.0,-0.0040000000000000036
2019-11-21,124500.0,0.0
2019-11-22,123500.0,-0.008032128514056214
2019-11-25,125000.0,0.012145748987854255
2019-11-26,122500.0,-0.020000000000000018
2019-11-27,123500.0,0.008163265306122547
2019-11-28,124000.0,0.004048582995951344
2019-11-29,121000.0,-0.024193548387096753
2019-12-02,121500.0,0.004132231404958775
2019-12-03,121500.0,0.0
2019-12-04,122000.0,0.004115226337448652
2019-12-05,118000.0,-0.032786885245901676
2019-12-06,118500.0,0.004237288135593209
2019-12-09,119500.0,0.00843881856540074
2019-12-10,120000.0,0.004184100418409997
2019-12-11,119000.0,-0.008333333333333304
2019-12-12,120000.0,0.008403361344537785
2019-12-13,121000.0,0.008333333333333304
2019-12-16,119000.0,-0.016528925619834656
2019-12-17,122000.0,0.025210084033613356
2019-12-18,123000.0,0.008196721311475308
2019-12-19,123500.0,0.004065040650406582
2019-12-20,124000.0,0.004048582995951344
2019-12-23,122500.0,-0.012096774193548376
2019-12-24,122000.0,-0.004081632653061273
2019-12-26,122500.0,0.004098360655737654
2019-12-27,120500.0,-0.01632653061224487
2019-12-30,120500.0,0.0
2020-01-02,118000.0,-0.020746887966805017
2020-01-03,116000.0,-0.016949152542372836
2020-01-06,116000.0,0.0
2020-01-07,115500.0,-0.004310344827586188
2020-01-08,112000.0,-0.030303030303030276
2020-01-09,111500.0,-0.004464285714285698
2020-01-10,113500.0,0.017937219730941756
2020-01-13,115000.0,0.013215859030837107
2020-01-14,116000.0,0.008695652173912993
2020-01-15,115000.0,-0.008620689655172376
2020-01-16,118500.0,0.0304347826086957
2020-01-17,118500.0,0.0
2020-01-20,118000.0,-0.00421940928270037
2020-01-21,117000.0,-0.008474576271186418
2020-01-22,127000.0,0.08547008547008539
2020-01-23,130500.0,0.027559055118110187
2020-01-28,131000.0,0.003831417624521105
2020-01-29,131000.0,0.0
2020-01-30,127500.0,-0.026717557251908386
2020-01-31,125000.0,-0.019607843137254943
2020-02-03,123500.0,-0.01200000000000001
2020-02-04,124000.0,0.004048582995951344
2020-02-05,124000.0,0.0
2020-02-06,132000.0,0.06451612903225801
2020-02-07,131000.0,-0.007575757575757569
2020-02-10,130000.0,-0.007633587786259555
2020-02-11,132500.0,0.019230769230769162
2020-02-12,136000.0,0.026415094339622636
2020-02-13,133000.0,-0.022058823529411797
2020-02-14,133500.0,0.003759398496240518
2020-02-17,135500.0,0.014981273408239737
2020-02-18,132500.0,-0.022140221402214055
2020-02-19,131500.0,-0.007547169811320753
2020-02-20,130000.0,-0.011406844106463865
2020-02-21,128000.0,-0.01538461538461533
2020-02-24,122500.0,-0.04296875
2020-02-25,122500.0,0.0
2020-02-26,122500.0,0.0
2020-02-27,121000.0,-0.01224489795918371
2020-02-28,115000.0,-0.04958677685950408
2020-03-02,113500.0,-0.013043478260869601
2020-03-03,112500.0,-0.008810572687224627
2020-03-04,113000.0,0.004444444444444473
2020-03-05,114000.0,0.008849557522123908
2020-03-06,110500.0,-0.030701754385964897
2020-03-09,110500.0,0.0
2020-03-10,102000.0,-0.07692307692307687
2020-03-11,100000.0,-0.019607843137254943
2020-03-12,100000.0,0.0
2020-03-13,87200.0,-0.128
2020-03-16,82900.0,-0.04931192660550454
2020-03-17,80100.0,-0.033775633293124274
2020-03-18,73500.0,-0.08239700374531833
2020-03-19,65900.0,-0.10340136054421767
2020-03-20,71100.0,0.07890743550834589
2020-03-23,68900.0,-0.030942334739803123
2020-03-24,74800.0,0.08563134978229314
2020-03-25,84500.0,0.1296791443850267
2020-03-26,84900.0,0.004733727810650956
2020-03-27,86400.0,0.0176678445229681
2020-03-30,85400.0,-0.01157407407407407
2020-03-31,88700.0,0.03864168618266972
2020-04-01,85400.0,-0.03720405862457721
2020-04-02,86600.0,0.014051522248243575
2020-04-03,86300.0,-0.0034642032332563577
2020-04-06,88800.0,0.028968713789107703
2020-04-07,90400.0,0.018018018018018056
2020-04-08,90000.0,-0.004424778761061954
2020-04-09,97100.0,0.07888888888888879
2020-04-10,99700.0,0.026776519052523096
2020-04-13,97800.0,-0.01905717151454367
2020-04-14,100000.0,0.02249488752556239
2020-04-16,99100.0,-0.009000000000000008
2020-04-17,100500.0,0.01412714429868811
2020-04-20,97600.0,-0.028855721393034828
2020-04-21,93500.0,-0.04200819672131151
2020-04-22,92600.0,-0.009625668449197877
2020-04-23,92400.0,-0.002159827213822907
2020-04-24,90100.0,-0.024891774891774854
2020-04-27,91600.0,0.01664816870144281
2020-04-28,93200.0,0.017467248908296984
2020-04-29,93600.0,0.0042918454935623185
2020-05-04,91500.0,-0.022435897435897467
2020-05-06,93200.0,0.01857923497267766
2020-05-07,92600.0,-0.006437768240343367
2020-05-08,94500.0,0.02051835853131756
2020-05-11,93700.0,-0.00846560846560851
2020-05-12,91900.0,-0.019210245464247544
2020-05-13,93100.0,0.013057671381936808
2020-05-14,92300.0,-0.008592910848549962
2020-05-15,92300.0,0.0
2020-05-18,91900.0,-0.004333694474539573
2020-05-19,99100.0,0.0783460282916213
2020-05-20,97300.0,-0.01816347124117057
2020-05-21,97200.0,-0.0010277492291880241
2020-05-22,94500.0,-0.02777777777777779
2020-05-25,96000.0,0.015873015873015817
2020-05-26,97800.0,0.018750000000000044
2020-05-27,98100.0,0.0030674846625766694
2020-05-28,97200.0,-0.00917431192660545
2020-05-29,98000.0,0.008230452674897082
2020-06-01,100000.0,0.020408163265306145
2020-06-02,102500.0,0.02499999999999991
2020-06-03,108500.0,0.05853658536585371
2020-06-04,108500.0,0.0
2020-06-05,111000.0,0.02304147465437789
2020-06-08,113000.0,0.018018018018018056
2020-06-09,112000.0,-0.008849557522123908
2020-06-10,111500.0,-0.004464285714285698
2020-06-11,108500.0,-0.026905829596412523
2020-06-12,103500.0,-0.04608294930875578
2020-06-15,97000.0,-0.0628019323671497
2020-06-16,101500.0,0.046391752577319645
2020-06-17,100500.0,-0.009852216748768461
2020-06-18,100000.0,-0.00497512437810943
2020-06-19,100000.0,0.0
2020-06-22,98500.0,-0.015000000000000013
2020-06-23,98700.0,0.0020304568527917954
2020-06-24,103000.0,0.0435663627152989
2020-06-25,99400.0,-0.03495145631067964
2020-06-26,100000.0,0.006036217303822866
2020-06-29,97700.0,-0.02300000000000002
2020-06-30,97700.0,0.0
2020-07-01,98200.0,0.0051177072671442225
2020-07-02,99000.0,0.008146639511201537
2020-07-03,99200.0,0.002020202020202033
2020-07-06,101500.0,0.02318548387096775
2020-07-07,99200.0,-0.022660098522167438
2020-07-08,99600.0,0.0040322580645162365
2020-07-09,99600.0,0.0
2020-07-10,98300.0,-0.013052208835341417
2020-07-13,101500.0,0.03255340793489325
2020-07-14,101500.0,0.0
2020-07-15,109000.0,0.07389162561576357
2020-07-16,110000.0,0.00917431192660545
2020-07-17,117500.0,0.06818181818181812
2020-07-20,121500.0,0.03404255319148941
2020-07-21,121500.0,0.0
2020-07-22,118500.0,-0.024691358024691357
2020-07-23,124500.0,0.05063291139240511
2020-07-24,122500.0,-0.016064257028112428
2020-07-27,123500.0,0.008163265306122547
2020-07-28,123000.0,-0.004048582995951455
2020-07-29,125000.0,0.016260162601626105
2020-07-30,127500.0,0.020000000000000018
2020-07-31,126500.0,-0.007843137254901933
2020-08-03,127000.0,0.0039525691699604515
2020-08-04,132500.0,0.04330708661417315
2020-08-05,134000.0,0.01132075471698113
2020-08-06,144500.0,0.07835820895522394
2020-08-07,147000.0,0.01730103806228378
2020-08-10,170000.0,0.15646258503401356
2020-08-11,179000.0,0.05294117647058827
2020-08-12,172000.0,-0.03910614525139666
2020-08-13,170000.0,-0.011627906976744207
2020-08-14,167000.0,-0.01764705882352946
2020-08-18,158000.0,-0.053892215568862256
2020-08-19,164500.0,0.04113924050632911
2020-08-20,155000.0,-0.05775075987841949
2020-08-21,156000.0,0.006451612903225712
2020-08-24,161500.0,0.03525641025641035
2020-08-25,166000.0,0.02786377708978338
2020-08-26,167500.0,0.009036144578313143
2020-08-27,163500.0,-0.023880597014925398
2020-08-28,172000.0,0.051987767584097844
2020-08-31,176500.0,0.026162790697674465
2020-09-01,180000.0,0.019830028328611915
2020-09-02,176000.0,-0.022222222222222254
2020-09-03,176500.0,0.0028409090909091717
2020-09-04,172500.0,-0.022662889518413554
2020-09-07,170000.0,-0.01449275362318836
2020-09-08,168000.0,-0.0117647058823529
2020-09-09,167500.0,-0.0029761904761904656
2020-09-10,169000.0,0.008955223880596996
2020-09-11,171500.0,0.014792899408283988
2020-09-14,180000.0,0.04956268221574334
2020-09-15,179000.0,-0.005555555555555536
2020-09-16,183500.0,0.025139664804469275
2020-09-17,184000.0,0.0027247956403269047
2020-09-18,181000.0,-0.016304347826086918
2020-09-21,185000.0,0.022099447513812098
2020-09-22,179500.0,-0.02972972972972976
2020-09-23,179500.0,0.0
2020-09-24,171500.0,-0.04456824512534818
2020-09-25,170000.0,-0.008746355685131157
2020-09-28,175500.0,0.032352941176470695
2020-09-29,178500.0,0.017094017094017033
2020-10-05,187000.0,0.04761904761904767
2020-10-06,182500.0,-0.024064171122994638
2020-10-07,183000.0,0.00273972602739736
2020-10-08,180500.0,-0.013661202185792365
2020-10-12,180000.0,-0.0027700831024930483
2020-10-13,179000.0,-0.005555555555555536
2020-10-14,178000.0,-0.005586592178770999
2020-10-15,176000.0,-0.011235955056179803
2020-10-16,172000.0,-0.022727272727272707
2020-10-19,168000.0,-0.023255813953488413
2020-10-20,167500.0,-0.0029761904761904656
2020-10-21,165500.0,-0.011940298507462699
2020-10-22,162500.0,-0.01812688821752262
2020-10-23,167000.0,0.027692307692307683
2020-10-26,171500.0,0.026946107784431073
2020-10-27,172500.0,0.005830903790087438
2020-10-28,173500.0,0.005797101449275255
2020-10-29,170000.0,-0.02017291066282423
2020-10-30,164500.0,-0.032352941176470584
2020-11-02,170500.0,0.036474164133738496
2020-11-03,170500.0,0.0
2020-11-04,171500.0,0.0058651026392961825
2020-11-05,175000.0,0.020408163265306145
2020-11-06,170500.0,-0.02571428571428569
2020-11-09,172500.0,0.011730205278592365
2020-11-10,173500.0,0.005797101449275255
2020-11-11,175500.0,0.011527377521613813
2020-11-12,174000.0,-0.008547008547008517
2020-11-13,177500.0,0.02011494252873569
2020-11-16,179000.0,0.008450704225352101
2020-11-17,182500.0,0.019553072625698276
2020-11-18,179500.0,-0.016438356164383605
2020-11-19,180000.0,0.0027855153203342198
2020-11-20,177000.0,-0.01666666666666672
2020-11-23,179000.0,0.011299435028248483
2020-11-24,181000.0,0.011173184357541999
2020-11-25,179500.0,-0.008287292817679592
2020-11-26,179000.0,-0.0027855153203342198
2020-11-27,181000.0,0.011173184357541999
2020-11-30,181500.0,0.0027624309392264568
2020-12-01,183500.0,0.011019283746556363
2020-12-02,182500.0,-0.00544959128065392
2020-12-03,196500.0,0.0767123287671232
2020-12-04,196500.0,0.0
2020-12-07,193500.0,-0.01526717557251911
2020-12-08,186500.0,-0.036175710594315236
2020-12-09,191500.0,0.02680965147453085
2020-12-10,191500.0,0.0
2020-12-11,190000.0,-0.007832898172323799
2020-12-14,189000.0,-0.0052631578947368585
2020-12-15,188500.0,-0.002645502645502673
2020-12-16,190000.0,0.007957559681697646
2020-12-17,190500.0,0.002631578947368318
2020-12-18,189000.0,-0.007874015748031482
2020-12-21,187000.0,-0.010582010582010581
2020-12-22,184000.0,-0.016042780748663055
2020-12-23,185000.0,0.005434782608695565
2020-12-24,187000.0,0.0108108108108107
2020-12-28,189500.0,0.013368983957219305
2020-12-29,190500.0,0.005277044854881341
2020-12-30,192000.0,0.007874015748031482
2021-01-04,207500.0,0.08072916666666674
2021-01-05,209500.0,0.009638554216867545
2021-01-06,203000.0,-0.031026252983293534
2021-01-07,206000.0,0.014778325123152802
2021-01-08,246000.0,0.1941747572815533
2021-01-11,267500.0,0.08739837398373984
2021-01-12,261000.0,-0.024299065420560706
2021-01-13,259000.0,-0.007662835249042099
2021-01-14,250500.0,-0.032818532818532864
2021-01-15,240000.0,-0.041916167664670656
2021-01-18,241000.0,0.004166666666666652
2021-01-19,261500.0,0.08506224066390033
2021-01-20,259000.0,-0.009560229445506718
2021-01-21,264500.0,0.021235521235521304
2021-01-22,257000.0,-0.02835538752362954
2021-01-25,260000.0,0.011673151750972721
2021-01-26,251500.0,-0.03269230769230769
2021-01-27,245500.0,-0.02385685884691846
2021-01-28,238500.0,-0.02851323828920571
2021-01-29,229000.0,-0.03983228511530401
2021-02-01,238500.0,0.04148471615720517
2021-02-02,240500.0,0.008385744234800763
2021-02-03,245500.0,0.02079002079002068
2021-02-04,248500.0,0.012219959266802416
2021-02-05,249500.0,0.004024144869215318
2021-02-08,234000.0,-0.06212424849699394
2021-02-09,236500.0,0.010683760683760646
2021-02-10,245000.0,0.03594080338266381
2021-02-15,247500.0,0.010204081632652962
2021-02-16,247500.0,0.0
2021-02-17,243500.0,-0.016161616161616155
2021-02-18,235500.0,-0.03285420944558526
2021-02-19,242000.0,0.027600849256900206
2021-02-22,241500.0,-0.0020661157024793875
2021-02-23,244500.0,0.012422360248447228
2021-02-24,235000.0,-0.03885480572597133
2021-02-25,245000.0,0.042553191489361764
2021-02-26,237000.0,-0.03265306122448974
2021-03-02,239000.0,0.00843881856540074
2021-03-03,240000.0,0.004184100418409997
2021-03-04,235000.0,-0.02083333333333337
2021-03-05,235000.0,0.0
2021-03-08,230500.0,-0.019148936170212738
2021-03-09,231500.0,0.00433839479392617
2021-03-10,227500.0,-0.017278617710583144
2021-03-11,228500.0,0.00439560439560438
2021-03-12,232500.0,0.017505470459518557
2021-03-15,232000.0,-0.0021505376344086446
2021-03-16,234000.0,0.008620689655172376
2021-03-17,232000.0,-0.008547008547008517
2021-03-18,234000.0,0.008620689655172376
2021-03-19,229500.0,-0.019230769230769273
2021-03-22,229000.0,-0.002178649237472796
2021-03-23,226500.0,-0.01091703056768556
2021-03-24,221000.0,-0.02428256070640178
2021-03-25,218000.0,-0.013574660633484115
2021-03-26,215500.0,-0.011467889908256867
2021-03-29,215500.0,0.0
2021-03-30,219500.0,0.018561484918793614
2021-03-31,218000.0,-0.006833712984054663
2021-04-01,219000.0,0.004587155963302836
2021-04-02,233500.0,0.06621004566210043
2021-04-05,234000.0,0.0021413276231263545
2021-04-06,230000.0,-0.017094017094017144
2021-04-07,230000.0,0.0
2021-04-08,231500.0,0.006521739130434856
2021-04-09,228500.0,-0.01295896328293733
2021-04-12,226000.0,-0.01094091903719907
2021-04-13,230000.0,0.017699115044247815
2021-04-14,232500.0,0.010869565217391353
2021-04-15,230500.0,-0.008602150537634357
2021-04-16,231500.0,0.00433839479392617
2021-04-19,230000.0,-0.006479481641468721
2021-04-20,229000.0,-0.004347826086956497
2021-04-21,225500.0,-0.015283842794759805
2021-04-22,226000.0,0.0022172949002217113
2021-04-23,221000.0,-0.02212389380530977
2021-04-26,221500.0,0.002262443438914019
2021-04-27,220000.0,-0.006772009029345383
2021-04-28,221500.0,0.006818181818181834
2021-04-29,217500.0,-0.018058690744920947
2021-04-30,212000.0,-0.025287356321839094
2021-05-03,218000.0,0.028301886792452935
2021-05-04,223500.0,0.025229357798165042
2021-05-06,223500.0,0.0
2021-05-07,224000.0,0.0022371364653244186
2021-05-10,229500.0,0.024553571428571397
2021-05-11,226500.0,-0.013071895424836555
2021-05-12,227500.0,0.004415011037527616
2021-05-13,229500.0,0.00879120879120876
2021-05-14,229000.0,-0.002178649237472796
2021-05-17,227000.0,-0.008733624454148492
2021-05-18,231000.0,0.017621145374449254
2021-05-20,224500.0,-0.02813852813852813
2021-05-21,227500.0,0.013363028953229383
2021-05-24,228000.0,0.00219780219780219
2021-05-25,227500.0,-0.002192982456140302
2021-05-26,223500.0,-0.01758241758241763
2021-05-27,220500.0,-0.01342281879194629
2021-05-28,232000.0,0.05215419501133778
2021-05-31,235000.0,0.012931034482758674
2021-06-01,237000.0,0.008510638297872353
2021-06-02,238000.0,0.00421940928270037
2021-06-03,238500.0,0.0021008403361344463
2021-06-04,241500.0,0.012578616352201255
2021-06-07,241500.0,0.0
2021-06-08,243500.0,0.008281573498964745
2021-06-09,239500.0,-0.01642710472279263
2021-06-10,236000.0,-0.014613778705636737
2021-06-11,238500.0,0.010593220338983134
2021-06-14,238000.0,-0.002096436058700246
2021-06-15,237000.0,-0.004201680672268893
2021-06-16,239500.0,0.010548523206751037
2021-06-17,236500.0,-0.012526096033402934
2021-06-18,235000.0,-0.006342494714587699
2021-06-21,233000.0,-0.008510638297872353
2021-06-22,241000.0,0.03433476394849788
2021-06-23,242500.0,0.006224066390041472
2021-06-24,242500.0,0.0
2021-06-25,243000.0,0.0020618556701030855
2021-06-28,241000.0,-0.008230452674897082
2021-06-29,239500.0,-0.006224066390041472
2021-06-30,239500.0,0.0
2021-07-01,242000.0,0.010438413361169019
2021-07-02,239000.0,-0.012396694214875992
2021-07-05,236000.0,-0.012552301255230103
2021-07-06,236000.0,0.0
2021-07-07,232000.0,-0.016949152542372836
2021-07-08,229500.0,-0.010775862068965525
2021-07-09,226000.0,-0.015250544662309351
2021-07-12,230000.0,0.017699115044247815
2021-07-13,230000.0,0.0
2021-07-14,230000.0,0.0
2021-07-15,231500.0,0.006521739130434856
2021-07-16,230000.0,-0.006479481641468721
2021-07-19,227500.0,-0.010869565217391353
2021-07-20,227000.0,-0.00219780219780219
2021-07-21,228000.0,0.004405286343612369
2021-07-22,228500.0,0.002192982456140413
2021-07-23,225500.0,-0.013129102844638973
2021-07-26,224500.0,-0.0044345898004434225
2021-07-27,225000.0,0.00222717149220486
2021-07-28,222500.0,-0.011111111111111072
2021-07-29,222000.0,-0.0022471910112359383
2021-07-30,218000.0,-0.018018018018018056
2021-08-02,220000.0,0.00917431192660545
2021-08-03,223500.0,0.015909090909090873
2021-08-04,225000.0,0.006711409395973256
2021-08-05,223000.0,-0.008888888888888835
2021-08-06,222500.0,-0.0022421524663677195
2021-08-09,221000.0,-0.006741573033707815
2021-08-10,219000.0,-0.009049773755656076
2021-08-11,218500.0,-0.0022831050228310223
2021-08-12,219000.0,0.0022883295194509046
2021-08-13,217000.0,-0.0091324200913242
2021-08-17,213000.0,-0.018433179723502335
2021-08-18,212500.0,-0.0023474178403756207
2021-08-19,206500.0,-0.028235294117647025
2021-08-20,201500.0,-0.02421307506053272
2021-08-23,204000.0,0.012406947890818865
2021-08-24,209500.0,0.026960784313725394
2021-08-25,209500.0,0.0
2021-08-26,210000.0,0.0023866348448686736
2021-08-27,208500.0,-0.0071428571428571175
2021-08-30,210000.0,0.007194244604316502
2021-08-31,212500.0,0.011904761904761862
2021-09-01,215000.0,0.0117647058823529
2021-09-02,211500.0,-0.016279069767441867
2021-09-03,214500.0,0.014184397163120588
2021-09-06,215000.0,0.002331002331002363
2021-09-07,212500.0,-0.011627906976744207
2021-09-08,213000.0,0.0023529411764706687
2021-09-09,208500.0,-0.021126760563380254
2021-09-10,206500.0,-0.00959232613908878
2021-09-13,205000.0,-0.007263922518159771
2021-09-14,209000.0,0.019512195121951237
2021-09-15,209500.0,0.0023923444976077235
2021-09-16,208000.0,-0.007159904534606243
2021-09-17,209000.0,0.004807692307692291
2021-09-23,208500.0,-0.0023923444976076125
2021-09-24,207000.0,-0.007194244604316502
2021-09-27,204000.0,-0.01449275362318836
2021-09-28,201500.0,-0.01225490196078427
2021-09-29,201500.0,0.0
2021-09-30,200000.0,-0.007444168734491274
2021-10-01,193500.0,-0.03249999999999997
2021-10-05,193500.0,0.0
2021-10-06,194000.0,0.0025839793281654533
2021-10-07,201000.0,0.03608247422680422
2021-10-08,205000.0,0.01990049751243772
2021-10-12,204500.0,-0.0024390243902439046
2021-10-13,211000.0,0.0317848410757946
2021-10-14,209000.0,-0.009478672985781977
2021-10-15,208500.0,-0.0023923444976076125
2021-10-18,209500.0,0.004796163069544335
2021-10-19,209000.0,-0.0023866348448687846
2021-10-20,209000.0,0.0
2021-10-21,207500.0,-0.0071770334928229484
2021-10-22,207500.0,0.0
2021-10-25,211000.0,0.01686746987951815
2021-10-26,213500.0,0.011848341232227444
2021-10-27,213500.0,0.0
2021-10-28,210000.0,-0.016393442622950838
2021-10-29,208000.0,-0.00952380952380949
2021-11-01,208000.0,0.0
2021-11-02,210000.0,0.009615384615384581
2021-11-03,208500.0,-0.0071428571428571175
2021-11-04,214000.0,0.026378896882494063
2021-11-05,215000.0,0.004672897196261738
2021-11-08,215000.0,0.0
2021-11-09,213000.0,-0.009302325581395321
2021-11-10,208500.0,-0.021126760563380254
2021-11-11,205000.0,-0.016786570743405282
2021-11-12,208000.0,0.014634146341463428
2021-11-15,209000.0,0.004807692307692291
2021-11-16,206500.0,-0.011961722488038284
2021-11-17,207000.0,0.002421307506053294
2021-11-18,205000.0,-0.009661835748792313
2021-11-19,209500.0,0.02195121951219514
2021-11-22,218500.0,0.042959427207637235
2021-11-23,215000.0,-0.016018306636155555
2021-11-24,212000.0,-0.013953488372092981
2021-11-25,210000.0,-0.009433962264150941
2021-11-26,205500.0,-0.021428571428571463
2021-11-29,200500.0,-0.024330900243308973
2021-11-30,195500.0,-0.02493765586034913
2021-12-01,201000.0,0.028132992327365658
2021-12-02,205500.0,0.02238805970149249
2021-12-03,206000.0,0.0024330900243310083
2021-12-06,206500.0,0.0024271844660195274
2021-12-07,207500.0,0.004842615012106588
2021-12-08,207500.0,0.0
2021-12-09,207000.0,-0.002409638554216831
2021-12-10,207500.0,0.0024154589371980784
2021-12-13,209000.0,0.0072289156626506035
2021-12-14,211000.0,0.009569377990430672
2021-12-15,209000.0,-0.009478672985781977
2021-12-16,209500.0,0.0023923444976077235
2021-12-17,209500.0,0.0
2021-12-20,205000.0,-0.021479713603818618
2021-12-21,205000.0,0.0
2021-12-22,206500.0,0.007317073170731714
2021-12-23,209000.0,0.012106537530266248
2021-12-24,215500.0,0.031100478468899517
2021-12-27,213500.0,-0.009280742459396807
2021-12-28,214000.0,0.0023419203747072626
2021-12-29,212000.0,-0.009345794392523366
2021-12-30,209000.0,-0.014150943396226467
2022-01-04,210000.0,0.004784688995215225
2022-01-05,213500.0,0.016666666666666607
2022-01-06,214000.0,0.0023419203747072626
2022-01-07,215000.0,0.004672897196261738
2022-01-10,209500.0,-0.025581395348837188
2022-01-11,210500.0,0.004773269689737569
2022-01-12,211500.0,0.004750593824228044
2022-01-13,210000.0,-0.007092198581560294
2022-01-14,209000.0,-0.004761904761904745
2022-01-17,205000.0,-0.019138755980861233
2022-01-18,202500.0,-0.012195121951219523
2022-01-19,200500.0,-0.00987654320987652
2022-01-20,202000.0,0.007481296758104827
2022-01-21,200000.0,-0.00990099009900991
2022-01-24,197000.0,-0.015000000000000013
2022-01-25,194500.0,-0.012690355329949221
2022-01-26,194500.0,0.0
2022-01-27,186500.0,-0.041131105398457546
2022-01-28,186500.0,0.0
2022-02-03,191500.0,0.02680965147453085
2022-02-04,190000.0,-0.007832898172323799
2022-02-07,186500.0,-0.018421052631578894
2022-02-08,186500.0,0.0
2022-02-09,186500.0,0.0
2022-02-10,185500.0,-0.00536193029490617
2022-02-11,183000.0,-0.013477088948787075
2022-02-14,176500.0,-0.03551912568306015
2022-02-15,180500.0,0.022662889518413554
2022-02-16,182000.0,0.008310249307479145
2022-02-17,183500.0,0.008241758241758212
2022-02-18,183500.0,0.0
2022-02-21,183500.0,0.0
2022-02-22,183500.0,0.0
2022-02-23,183500.0,0.0
2022-02-24,173000.0,-0.05722070844686644
2022-02-25,174000.0,0.005780346820809301
2022-02-28,174000.0,0.0
2022-03-02,170500.0,-0.02011494252873558
2022-03-03,177500.0,0.04105571847507328
